# sim/spectral_table.csv -- the committed spectral basis for Q4 (northstar design §8, M1a0).
# Generated by tools/make_spectral_table.py; do not hand-edit.
# producer_commit: 5246a509ff21492c30ba97a51bc5832cc763dba6
# quadrature: trapezoid
# formatter: %.10e , newline \n
# grid: ASTM G173-03 native, 2002 rows, 280-4000 nm
# source: ASTMG173.csv  md5 b31870bd3500b58414100af7e4b0e04c  size 57708 B  pvlib-python commit 2d0ed71e1308293b3081979404f8e90f2f2dde1e
# source: iop2008.dat  md5 cf5f76d58a31aa5f994fa038c390a856  size 16514 B  Warren & Brandt 2008, IOP_2008_ASCIItable.dat
# k_per_m: 4*pi*m_im/lambda, m_im log-space interpolated over 250-4200 nm
# E_AM0: ASTM column 2 (extraterrestrial), W m^-2 nm^-1
# n_ph: E_AM0*lambda/(h c), h 6.62607015e-34 J s, c 299792458.0 m/s
lambda_nm,k_per_m,E_AM0,n_ph
2.8000000000e+02,8.9759790103e-04,8.2000000000e-02,1.1558331639e+17
2.8050000000e+02,8.9599790477e-04,9.9000000000e-02,1.3979490002e+17
2.8100000000e+02,8.9440360245e-04,1.5000000000e-01,2.1218801332e+17
2.8150000000e+02,8.9281496372e-04,2.1200000000e-01,3.0042600852e+17
2.8200000000e+02,8.9123195847e-04,2.6700000000e-01,3.7903877284e+17
2.8250000000e+02,8.8965455677e-04,3.0300000000e-01,4.3090779289e+17
2.8300000000e+02,8.8808272893e-04,3.2500000000e-01,4.6301287130e+17
2.8350000000e+02,8.8651644546e-04,3.2300000000e-01,4.6097657115e+17
2.8400000000e+02,8.8495567707e-04,2.9900000000e-01,4.2747704245e+17
2.8450000000e+02,8.8340039468e-04,2.5024000000e-01,3.5839527035e+17
2.8500000000e+02,8.8185056943e-04,1.7589000000e-01,2.5235346747e+17
2.8550000000e+02,8.8030617263e-04,1.5500000000e-01,2.2277224341e+17
2.8600000000e+02,8.7876717583e-04,2.4200000000e-01,3.4842127587e+17
2.8650000000e+02,8.7723355074e-04,3.3300000000e-01,4.8027737407e+17
2.8700000000e+02,8.7570526929e-04,3.6200000000e-01,5.2301450667e+17
2.8750000000e+02,8.7418230361e-04,3.3900000000e-01,4.9063758596e+17
2.8800000000e+02,8.7266462600e-04,3.1100000000e-01,4.5089575272e+17
2.8850000000e+02,8.7115220897e-04,3.2500000000e-01,4.7201135466e+17
2.8900000000e+02,8.6964502522e-04,3.9200000000e-01,5.7030499770e+17
2.8950000000e+02,8.6814304762e-04,4.7900000000e-01,6.9808346148e+17
2.9000000000e+02,8.6664624927e-04,5.6300000000e-01,8.2192021198e+17
2.9050000000e+02,8.6515460340e-04,6.0600000000e-01,8.8622098290e+17
2.9100000000e+02,8.6366808346e-04,6.1800000000e-01,9.0532545527e+17
2.9150000000e+02,8.6218666308e-04,5.9800000000e-01,8.7753209770e+17
2.9200000000e+02,8.6071031605e-04,5.6700000000e-01,8.3346847539e+17
2.9250000000e+02,8.5923901637e-04,5.2900000000e-01,7.7894144179e+17
2.9300000000e+02,8.5777273818e-04,5.3800000000e-01,7.9354793101e+17
2.9350000000e+02,8.5631145583e-04,5.4900000000e-01,8.1115475370e+17
2.9400000000e+02,8.5485514383e-04,5.3300000000e-01,7.8885613437e+17
2.9450000000e+02,8.5340377687e-04,5.2000000000e-01,7.7092461115e+17
2.9500000000e+02,8.5195732979e-04,5.2700000000e-01,7.8262893217e+17
2.9550000000e+02,8.5051577762e-04,5.5900000000e-01,8.3155802815e+17
2.9600000000e+02,8.4907909556e-04,5.7300000000e-01,8.5382644279e+17
2.9650000000e+02,8.4764725898e-04,5.2100000000e-01,7.7765270795e+17
2.9700000000e+02,8.4622024339e-04,4.7800000000e-01,7.1467339263e+17
2.9750000000e+02,8.4479802449e-04,5.2900000000e-01,7.9225668011e+17
2.9800000000e+02,8.4338057814e-04,5.2800000000e-01,7.9208803720e+17
2.9850000000e+02,8.4196788036e-04,4.6800000000e-01,7.0325601625e+17
2.9900000000e+02,8.4055990731e-04,4.7200000000e-01,7.1045480294e+17
2.9950000000e+02,8.3915663535e-04,5.0100000000e-01,7.5536667390e+17
3.0000000000e+02,8.3775804096e-04,4.5794000000e-01,6.9159700228e+17
3.0050000000e+02,8.3636410079e-04,4.3300000000e-01,6.5502162836e+17
3.0100000000e+02,8.3497479165e-04,4.6300000000e-01,7.0156958720e+17
3.0150000000e+02,8.3359009050e-04,4.7756000000e-01,7.2483395146e+17
3.0200000000e+02,8.3220997446e-04,4.4900000000e-01,6.8261613833e+17
3.0250000000e+02,8.3083442078e-04,5.0800000000e-01,7.7359269293e+17
3.0300000000e+02,8.2946340689e-04,6.1200000000e-01,9.3350643982e+17
3.0350000000e+02,8.2809691034e-04,6.4600000000e-01,9.8699392835e+17
3.0400000000e+02,8.2673490884e-04,6.2100000000e-01,9.5036066209e+17
3.0450000000e+02,8.2537738025e-04,6.2600000000e-01,9.5958819776e+17
3.0500000000e+02,8.2402430258e-04,6.4200000000e-01,9.8573036509e+17
3.0550000000e+02,8.2267565397e-04,6.1100000000e-01,9.3967071556e+17
3.0600000000e+02,8.2133141270e-04,5.6500000000e-01,8.7034841336e+17
3.0650000000e+02,8.1999155722e-04,5.7500000000e-01,8.8720011857e+17
3.0700000000e+02,8.1865606608e-04,6.0500000000e-01,9.3501164067e+17
3.0750000000e+02,8.1732491801e-04,6.3100000000e-01,9.7678222289e+17
3.0800000000e+02,8.1599809184e-04,6.4500000000e-01,1.0000775973e+18
3.0850000000e+02,8.1467556657e-04,6.4050000000e-01,9.9471248758e+17
3.0900000000e+02,8.1335732132e-04,5.8000000000e-01,9.0221437124e+17
3.0950000000e+02,8.1204333534e-04,5.0000000000e-01,7.7902953883e+17
3.1000000000e+02,8.1073358802e-04,5.3300000000e-01,8.3178708046e+17
3.1050000000e+02,8.0942805890e-04,6.5200000000e-01,1.0191367626e+18
3.1100000000e+02,8.0812672761e-04,7.6200000000e-01,1.1929950124e+18
3.1150000000e+02,8.0682957396e-04,7.4400000000e-01,1.1666867192e+18
3.1200000000e+02,8.0553657784e-04,7.0615000000e-01,1.1091105212e+18
3.1250000000e+02,8.0424771932e-04,6.7600000000e-01,1.0634571249e+18
3.1300000000e+02,8.0296297855e-04,6.9400000000e-01,1.0935208690e+18
3.1350000000e+02,8.0168233584e-04,7.2400000000e-01,1.1426135738e+18
3.1400000000e+02,8.0040577162e-04,7.1700000000e-01,1.1333709358e+18
3.1450000000e+02,7.9913326641e-04,6.7600000000e-01,1.0702632505e+18
3.1500000000e+02,7.9786480091e-04,6.8450000000e-01,1.0854436290e+18
3.1550000000e+02,7.9660035590e-04,6.3200000000e-01,1.0037827071e+18
3.1600000000e+02,7.9533991230e-04,5.8700000000e-01,9.3378835035e+17
3.1650000000e+02,7.9408345114e-04,6.4900000000e-01,1.0340503330e+18
3.1700000000e+02,7.9283095359e-04,7.3900000000e-01,1.1793072495e+18
3.1750000000e+02,7.9158240090e-04,8.0189000000e-01,1.2816864557e+18
3.1800000000e+02,7.9033777449e-04,7.2361000000e-01,1.1583903944e+18
3.1850000000e+02,7.8909705585e-04,6.8000000000e-01,1.0902889662e+18
3.1900000000e+02,7.8786022661e-04,7.0580000000e-01,1.1334323520e+18
3.1950000000e+02,7.8662726850e-04,7.3318000000e-01,1.1792468904e+18
3.2000000000e+02,7.8539816340e-04,7.7500000000e-01,1.2484609088e+18
3.2050000000e+02,7.8417289325e-04,8.2600000000e-01,1.3326967813e+18
3.2100000000e+02,7.8295144015e-04,7.6546000000e-01,1.2369461726e+18
3.2150000000e+02,7.8173378627e-04,7.1900000000e-01,1.1636788346e+18
3.2200000000e+02,7.8051991394e-04,7.3513000000e-01,1.1916350962e+18
3.2250000000e+02,7.7930980554e-04,7.1152000000e-01,1.1551545650e+18
3.2300000000e+02,7.7810344361e-04,6.4900000000e-01,1.0552867537e+18
3.2350000000e+02,7.7690081078e-04,6.8138000000e-01,1.1096523432e+18
3.2400000000e+02,7.7570188978e-04,7.4050000000e-01,1.2077953151e+18
3.2450000000e+02,7.7450666344e-04,7.8800000000e-01,1.2872538110e+18
3.2500000000e+02,7.7331511473e-04,8.2918000000e-01,1.3566113520e+18
3.2550000000e+02,7.7212722669e-04,9.1377000000e-01,1.4973080385e+18
3.2600000000e+02,7.7094298248e-04,9.9835000000e-01,1.6384141497e+18
3.2650000000e+02,7.6976236535e-04,1.0166000000e+00,1.6709234677e+18
3.2700000000e+02,7.6858535868e-04,1.0047000000e+00,1.6538930513e+18
3.2750000000e+02,7.6741194592e-04,9.8679000000e-01,1.6268942032e+18
3.2800000000e+02,7.6624211063e-04,9.5681000000e-01,1.5798753279e+18
3.2850000000e+02,7.6507583649e-04,9.3400000000e-01,1.5445626111e+18
3.2900000000e+02,7.6391310726e-04,1.0046000000e+00,1.6638429827e+18
3.2950000000e+02,7.6275390679e-04,1.0958000000e+00,1.8176488360e+18
3.3000000000e+02,7.6159821905e-04,1.1098000000e+00,1.8436646470e+18
3.3050000000e+02,7.6044602810e-04,1.0429000000e+00,1.7351514956e+18
3.3100000000e+02,7.5929731809e-04,9.9100000000e-01,1.6512959506e+18
3.3150000000e+02,7.5815207326e-04,9.9396000000e-01,1.6587300319e+18
3.3200000000e+02,7.5701027797e-04,9.9277000000e-01,1.6592430084e+18
3.3250000000e+02,7.5587191665e-04,9.8003000000e-01,1.6404170988e+18
3.3300000000e+02,7.5473697384e-04,9.6394000000e-01,1.6159112459e+18
3.3350000000e+02,7.5360543414e-04,9.3700000000e-01,1.5731085691e+18
3.3400000000e+02,7.5247728230e-04,9.5557000000e-01,1.6066905567e+18
3.3450000000e+02,7.5135250310e-04,9.8862000000e-01,1.6647490734e+18
3.3500000000e+02,7.5023108145e-04,1.0097000000e+00,1.7027874119e+18
3.3550000000e+02,7.4911300235e-04,9.7453000000e-01,1.6459286510e+18
3.3600000000e+02,7.4799825085e-04,8.8979000000e-01,1.5050470111e+18
3.3650000000e+02,7.4688681215e-04,8.2900000000e-01,1.4043096065e+18
3.3700000000e+02,7.4577867148e-04,8.1800000000e-01,1.3877347777e+18
3.3750000000e+02,7.4467381418e-04,8.7732000000e-01,1.4905792621e+18
3.3800000000e+02,7.4357222570e-04,9.2529000000e-01,1.5744099889e+18
3.3850000000e+02,7.4247389154e-04,9.5783000000e-01,1.6321887346e+18
3.3900000000e+02,7.4137879731e-04,9.6863000000e-01,1.6530305561e+18
3.3950000000e+02,7.4028692868e-04,9.8900000000e-01,1.6902826664e+18
3.4000000000e+02,7.3919827143e-04,1.0544000000e+00,1.8047106530e+18
3.4050000000e+02,7.3811281142e-04,1.0463000000e+00,1.7934802941e+18
3.4100000000e+02,7.3703053457e-04,9.7100000000e-01,1.6668513708e+18
3.4150000000e+02,7.3595142690e-04,9.5900000000e-01,1.6486656247e+18
3.4200000000e+02,7.3487547452e-04,9.9570000000e-01,1.7142646943e+18
3.4250000000e+02,7.3380266361e-04,1.0277000000e+00,1.7719448468e+18
3.4300000000e+02,7.3273298043e-04,1.0417000000e+00,1.7987054553e+18
3.4350000000e+02,7.3166641132e-04,9.8301000000e-01,1.6998396094e+18
3.4400000000e+02,7.3060294270e-04,8.5416000000e-01,1.4791797065e+18
3.4450000000e+02,7.2954256107e-04,8.1300000000e-01,1.4099478171e+18
3.4500000000e+02,7.2848525301e-04,9.1583000000e-01,1.5905862667e+18
3.4550000000e+02,7.2743100517e-04,9.7021000000e-01,1.6874739062e+18
3.4600000000e+02,7.2637980430e-04,9.4269000000e-01,1.6419815261e+18
3.4650000000e+02,7.2533163719e-04,9.5594000000e-01,1.6674665902e+18
3.4700000000e+02,7.2428649074e-04,9.6954000000e-01,1.6936297498e+18
3.4750000000e+02,7.2324435191e-04,9.3318000000e-01,1.6324635722e+18
3.4800000000e+02,7.2220520772e-04,9.2472000000e-01,1.6199915988e+18
3.4850000000e+02,7.2116904530e-04,9.3721000000e-01,1.6442314993e+18
3.4900000000e+02,7.2013585183e-04,8.9900000000e-01,1.5794591072e+18
3.4950000000e+02,7.1910561456e-04,9.1969000000e-01,1.6181244198e+18
3.5000000000e+02,7.1807832082e-04,1.0122000000e+00,1.7834364764e+18
3.5050000000e+02,7.1705395802e-04,1.0849000000e+00,1.9142603290e+18
3.5100000000e+02,7.1603251364e-04,1.0534000000e+00,1.8613313757e+18
3.5150000000e+02,7.1501397521e-04,1.0129000000e+00,1.7923184199e+18
3.5200000000e+02,7.1399833036e-04,9.8383000000e-01,1.7433556457e+18
3.5250000000e+02,7.1298556677e-04,9.2600000000e-01,1.6432111594e+18
3.5300000000e+02,7.1197567220e-04,9.8012000000e-01,1.7417155306e+18
3.5350000000e+02,7.1096863448e-04,1.0752000000e+00,1.9133831342e+18
3.5400000000e+02,7.0996444149e-04,1.1346000000e+00,2.0219448648e+18
3.5450000000e+02,7.0896308121e-04,1.1440000000e+00,2.0415759057e+18
3.5500000000e+02,7.0796454165e-04,1.1406000000e+00,2.0383792417e+18
3.5550000000e+02,7.0696881093e-04,1.0964000000e+00,1.9621486214e+18
3.5600000000e+02,7.0597587721e-04,1.0250000000e+00,1.8369491355e+18
3.5650000000e+02,7.0498572872e-04,9.5914000000e-01,1.7213326443e+18
3.5700000000e+02,7.0399835375e-04,8.4200000000e-01,1.5132252355e+18
3.5750000000e+02,7.0301374066e-04,8.5015000000e-01,1.5300121265e+18
3.5800000000e+02,7.0203187790e-04,7.8916000000e-01,1.4222349881e+18
3.5850000000e+02,7.0105275394e-04,7.3100000000e-01,1.3192582071e+18
3.5900000000e+02,7.0007635735e-04,8.5805000000e-01,1.5507090158e+18
3.5950000000e+02,6.9910267674e-04,1.0321000000e+00,1.8678583595e+18
3.6000000000e+02,6.9813170080e-04,1.0890000000e+00,1.9735750591e+18
3.6050000000e+02,6.9716341827e-04,1.0265000000e+00,1.8628911967e+18
3.6100000000e+02,6.9619781797e-04,9.4150000000e-01,1.7110030902e+18
3.6150000000e+02,6.9523488876e-04,9.1800000000e-01,1.6706068218e+18
3.6200000000e+02,6.9427461958e-04,9.5800000000e-01,1.7458114892e+18
3.6250000000e+02,6.9331699941e-04,1.0450000000e+00,1.9069862822e+18
3.6300000000e+02,6.9236201732e-04,1.0710000000e+00,1.9571286003e+18
3.6350000000e+02,6.9140966241e-04,1.0380000000e+00,1.8994376244e+18
3.6400000000e+02,6.9045992387e-04,1.0716000000e+00,1.9636195902e+18
3.6450000000e+02,6.8951279091e-04,1.0590000000e+00,1.9431966827e+18
3.6500000000e+02,6.8856825284e-04,1.0970000000e+00,2.0156854442e+18
3.6550000000e+02,6.8762629901e-04,1.2041000000e+00,2.2155074019e+18
3.6600000000e+02,6.8668691882e-04,1.2860000000e+00,2.3694378495e+18
3.6650000000e+02,6.8575010174e-04,1.2843000000e+00,2.3695382802e+18
3.6700000000e+02,6.8481583729e-04,1.2577000000e+00,2.3236268854e+18
3.6750000000e+02,6.8388411507e-04,1.2317000000e+00,2.2786916058e+18
3.6800000000e+02,6.8295492469e-04,1.1570000000e+00,2.1434060157e+18
3.6850000000e+02,6.8202825587e-04,1.1459000000e+00,2.1257269534e+18
3.6900000000e+02,6.8110409834e-04,1.1944000000e+00,2.2187043176e+18
3.6950000000e+02,6.8018244191e-04,1.2795000000e+00,2.3800057187e+18
3.7000000000e+02,6.7926327645e-04,1.2934000000e+00,2.4091167563e+18
3.7050000000e+02,6.7834659187e-04,1.1660000000e+00,2.1747534595e+18
3.7100000000e+02,6.7743237813e-04,1.1811000000e+00,2.2058899739e+18
3.7150000000e+02,6.7652062527e-04,1.2249000000e+00,2.2907765060e+18
3.7200000000e+02,6.7561132335e-04,1.1444000000e+00,2.1431079960e+18
3.7250000000e+02,6.7470446252e-04,1.0876000000e+00,2.0394766791e+18
3.7300000000e+02,6.7380003294e-04,1.0445000000e+00,1.9612842635e+18
3.7350000000e+02,6.7289802487e-04,9.3900000000e-01,1.7655477432e+18
3.7400000000e+02,6.7199842858e-04,9.3442000000e-01,1.7592882219e+18
3.7450000000e+02,6.7110123441e-04,9.2500000000e-01,1.7438809055e+18
3.7500000000e+02,6.7020643277e-04,9.8500000000e-01,1.8594768071e+18
3.7550000000e+02,6.6931401408e-04,1.0874000000e+00,2.0555239325e+18
3.7600000000e+02,6.6842396885e-04,1.1240000000e+00,2.1275384802e+18
3.7650000000e+02,6.6753628762e-04,1.1040000000e+00,2.0924607560e+18
3.7700000000e+02,6.6665096097e-04,1.1813000000e+00,2.2419443168e+18
3.7750000000e+02,6.6576797957e-04,1.3149000000e+00,2.4988083527e+18
3.7800000000e+02,6.6488733409e-04,1.4144000000e+00,2.6914561908e+18
3.7850000000e+02,6.6400901529e-04,1.3765000000e+00,2.6228011608e+18
3.7900000000e+02,6.6313301395e-04,1.2260000000e+00,2.3391223996e+18
3.7950000000e+02,6.6225932091e-04,1.0980000000e+00,2.0976710666e+18
3.8000000000e+02,6.6138792707e-04,1.1520000000e+00,2.2037348686e+18
3.8050000000e+02,6.6051882336e-04,1.2310000000e+00,2.3579575467e+18
3.8100000000e+02,6.5965200075e-04,1.2490000000e+00,2.3955800169e+18
3.8150000000e+02,6.5878745029e-04,1.1224000000e+00,2.1555865641e+18
3.8200000000e+02,6.5792516306e-04,9.5426000000e-01,1.8350730209e+18
3.8250000000e+02,6.5706513016e-04,8.2313000000e-01,1.5849776316e+18
3.8300000000e+02,6.5620734279e-04,7.3603000000e-01,1.4191148930e+18
3.8350000000e+02,6.5535179214e-04,7.1095000000e-01,1.3725484841e+18
3.8400000000e+02,6.5449846950e-04,8.2100000000e-01,1.5870757255e+18
3.8450000000e+02,6.5364736616e-04,9.8620000000e-01,1.9089062943e+18
3.8500000000e+02,6.5279847347e-04,1.0802000000e+00,2.0935732958e+18
3.8550000000e+02,6.5195178285e-04,1.0296000000e+00,1.9980952341e+18
3.8600000000e+02,6.5110728572e-04,9.9113000000e-01,1.9259330861e+18
3.8650000000e+02,6.5026497358e-04,1.0279000000e+00,1.9999706942e+18
3.8700000000e+02,6.4942483795e-04,1.0354000000e+00,2.0171695018e+18
3.8750000000e+02,6.4858687042e-04,1.0186000000e+00,1.9870035651e+18
3.8800000000e+02,6.4775106260e-04,1.0067000000e+00,1.9663239176e+18
3.8850000000e+02,6.4691740614e-04,9.9743000000e-01,1.9507279980e+18
3.8900000000e+02,6.4608589277e-04,1.0810000000e+00,2.1168913237e+18
3.8950000000e+02,6.4525651422e-04,1.1958000000e+00,2.3447107724e+18
3.9000000000e+02,6.4442926227e-04,1.2519000000e+00,2.4578621071e+18
3.9050000000e+02,6.4902119382e-04,1.2601000000e+00,2.4771329570e+18
3.9100000000e+02,6.5364691717e-04,1.3322000000e+00,2.6222219857e+18
3.9150000000e+02,6.5830668560e-04,1.3490000000e+00,2.6586856022e+18
3.9200000000e+02,6.6300075437e-04,1.2400000000e+00,2.4469833812e+18
3.9250000000e+02,6.6772938062e-04,1.0312000000e+00,2.0375385442e+18
3.9300000000e+02,6.7249282351e-04,7.4500000000e-01,1.4739138192e+18
3.9350000000e+02,6.7729134410e-04,5.9120000000e-01,1.1711227827e+18
3.9400000000e+02,6.8212520549e-04,7.6675000000e-01,1.5208040980e+18
3.9450000000e+02,6.8699467276e-04,1.0557000000e+00,2.0965769014e+18
3.9500000000e+02,6.9190001300e-04,1.2450000000e+00,2.4756526750e+18
3.9550000000e+02,6.9684149534e-04,1.3245000000e+00,2.6370703642e+18
3.9600000000e+02,7.0181939095e-04,1.1626000000e+00,2.3176549129e+18
3.9650000000e+02,7.0683397308e-04,8.4330000000e-01,1.6832497538e+18
3.9700000000e+02,7.1188551702e-04,6.5200000000e-01,1.3030508688e+18
3.9750000000e+02,7.1697430020e-04,9.6142000000e-01,1.9238603893e+18
3.9800000000e+02,7.2210060214e-04,1.3010000000e+00,2.6066554904e+18
3.9850000000e+02,7.2726470447e-04,1.5342000000e+00,3.0777516427e+18
3.9900000000e+02,7.3246689099e-04,1.6245000000e+00,3.2629910232e+18
3.9950000000e+02,7.3770744765e-04,1.6717000000e+00,3.3620053001e+18
4.0000000000e+02,7.4298666257e-04,1.6885000000e+00,3.4000423297e+18
4.0100000000e+02,7.5015045902e-04,1.7520000000e+00,3.5367286628e+18
4.0200000000e+02,7.5738803810e-04,1.8140000000e+00,3.6710187563e+18
4.0300000000e+02,7.6470017851e-04,1.7400000000e+00,3.5300232195e+18
4.0400000000e+02,7.7208766735e-04,1.7630000000e+00,3.5855595935e+18
4.0500000000e+02,7.7955130021e-04,1.7150000000e+00,3.4965715149e+18
4.0600000000e+02,7.8709188128e-04,1.6660000000e+00,3.4050563098e+18
4.0700000000e+02,7.9471022343e-04,1.6300000000e+00,3.3396832721e+18
4.0800000000e+02,8.0240714831e-04,1.6990000000e+00,3.4896093317e+18
4.0900000000e+02,8.1018348644e-04,1.8090000000e+00,3.7246472001e+18
4.1000000000e+02,8.1804007731e-04,1.5370000000e+00,3.1723492374e+18
4.1100000000e+02,8.2928825204e-04,1.7150000000e+00,3.5483725744e+18
4.1200000000e+02,8.4069606773e-04,1.8160000000e+00,3.7664857429e+18
4.1300000000e+02,8.5226583196e-04,1.7392000000e+00,3.6159535757e+18
4.1400000000e+02,8.6399988613e-04,1.7144000000e+00,3.5730226296e+18
4.1500000000e+02,8.7590060595e-04,1.7688000000e+00,3.6953033346e+18
4.1600000000e+02,8.8797040195e-04,1.8150000000e+00,3.8009593732e+18
4.1700000000e+02,9.0021172003e-04,1.7660000000e+00,3.7072341909e+18
4.1800000000e+02,9.1262704191e-04,1.6850000000e+00,3.5456793220e+18
4.1900000000e+02,9.2521888573e-04,1.7490000000e+00,3.6891566783e+18
4.2000000000e+02,9.3798980657e-04,1.5990000000e+00,3.3808120044e+18
4.2100000000e+02,9.6214736088e-04,1.8110000000e+00,3.8381665287e+18
4.2200000000e+02,9.8693265170e-04,1.7820000000e+00,3.7856757953e+18
4.2300000000e+02,1.0123621060e-03,1.7210000000e+00,3.6647512812e+18
4.2400000000e+02,1.0384525832e-03,1.7080000000e+00,3.6456669453e+18
4.2500000000e+02,1.0652213863e-03,1.7550000000e+00,3.7548216948e+18
4.2600000000e+02,1.0926862741e-03,1.6990000000e+00,3.6435626846e+18
4.2700000000e+02,1.1208654728e-03,1.6380000000e+00,3.5209920144e+18
4.2800000000e+02,1.1497776886e-03,1.6510000000e+00,3.5572477219e+18
4.2900000000e+02,1.1794421206e-03,1.5230000000e+00,3.2891256394e+18
4.3000000000e+02,1.2098784731e-03,1.2120000000e+00,2.6235801903e+18
4.3100000000e+02,1.2581887558e-03,1.0990000000e+00,2.3845049604e+18
4.3200000000e+02,1.3084351051e-03,1.8220000000e+00,3.9623732868e+18
4.3300000000e+02,1.3606953567e-03,1.6913000000e+00,3.6866491848e+18
4.3400000000e+02,1.4150504842e-03,1.5600000000e+00,3.4082982809e+18
4.3500000000e+02,1.4715847260e-03,1.7090000000e+00,3.7424377681e+18
4.3600000000e+02,1.5303857173e-03,1.8680000000e+00,4.1000261702e+18
4.3700000000e+02,1.5915446273e-03,1.9000000000e+00,4.1798269860e+18
4.3800000000e+02,1.6551563021e-03,1.6630000000e+00,3.6668203031e+18
4.3900000000e+02,1.7213194137e-03,1.6010000000e+00,3.5381734542e+18
4.4000000000e+02,1.7901366139e-03,1.8300000000e+00,4.0534706602e+18
4.4100000000e+02,1.8567347273e-03,1.7990000000e+00,3.9938616859e+18
4.4200000000e+02,1.9258203801e-03,1.9220000000e+00,4.2766028429e+18
4.4300000000e+02,1.9974868062e-03,1.9490000000e+00,4.3464914832e+18
4.4400000000e+02,2.0718307446e-03,1.8941000000e+00,4.2335933646e+18
4.4500000000e+02,2.1489525715e-03,1.9650000000e+00,4.4019573796e+18
4.4600000000e+02,2.2289564372e-03,1.7557000000e+00,3.9419257121e+18
4.4700000000e+02,2.3119504085e-03,1.9900000000e+00,4.4779977103e+18
4.4800000000e+02,2.3980466166e-03,2.0140000000e+00,4.5421424236e+18
4.4900000000e+02,2.4873614099e-03,2.0010000000e+00,4.5228969960e+18
4.5000000000e+02,2.5800155135e-03,2.0690000000e+00,4.6870142302e+18
4.5100000000e+02,2.6688083046e-03,2.1420000000e+00,4.8631680371e+18
4.5200000000e+02,2.7606705258e-03,2.0470000000e+00,4.6577861494e+18
4.5300000000e+02,2.8557086858e-03,1.8864000000e+00,4.3018499443e+18
4.5400000000e+02,2.9540330011e-03,2.0180000000e+00,4.6121166439e+18
4.5500000000e+02,3.0557575260e-03,2.0010000000e+00,4.5833365995e+18
4.5600000000e+02,3.1610002862e-03,2.0630000000e+00,4.7357344104e+18
4.5700000000e+02,3.2698834176e-03,2.0770000000e+00,4.7783280706e+18
4.5800000000e+02,3.3825333099e-03,2.0320000000e+00,4.6850307883e+18
4.5900000000e+02,3.4990807550e-03,2.0120000000e+00,4.6490469231e+18
4.6000000000e+02,3.6196611009e-03,1.9973000000e+00,4.6251348694e+18
4.6100000000e+02,3.7552608892e-03,2.0639000000e+00,4.7897499777e+18
4.6200000000e+02,3.8959588505e-03,2.0780000000e+00,4.8329331330e+18
4.6300000000e+02,4.0419472643e-03,2.0840000000e+00,4.8573788031e+18
4.6400000000e+02,4.1934256818e-03,2.0150000000e+00,4.7066976260e+18
4.6500000000e+02,4.3506012019e-03,1.9840000000e+00,4.6442745806e+18
4.6600000000e+02,4.5136887577e-03,2.0210000000e+00,4.7410605057e+18
4.6700000000e+02,4.6829114127e-03,1.9310000000e+00,4.5396505359e+18
4.6800000000e+02,4.8585006701e-03,2.0120000000e+00,4.7402047059e+18
4.6900000000e+02,5.0406967920e-03,2.0180000000e+00,4.7644993524e+18
4.7000000000e+02,5.2297491323e-03,1.9390000000e+00,4.5877414515e+18
4.7100000000e+02,5.4209163791e-03,1.9690000000e+00,4.6686346706e+18
4.7200000000e+02,5.6190968462e-03,2.0700000000e+00,4.9185332512e+18
4.7300000000e+02,5.8245486345e-03,1.9882000000e+00,4.7341768547e+18
4.7400000000e+02,6.0375393699e-03,2.0120000000e+00,4.8009765611e+18
4.7500000000e+02,6.2583465558e-03,2.0800000000e+00,4.9737071687e+18
4.7600000000e+02,6.4872579385e-03,2.0120000000e+00,4.8212338461e+18
4.7700000000e+02,6.7245718861e-03,2.0250000000e+00,4.8625790455e+18
4.7800000000e+02,6.9705977817e-03,2.0860000000e+00,5.0195579024e+18
4.7900000000e+02,7.2256564310e-03,2.0400000000e+00,4.9191373451e+18
4.8000000000e+02,7.4900804849e-03,2.0680000000e+00,4.9970654696e+18
4.8100000000e+02,7.7618507869e-03,2.0610000000e+00,4.9905261522e+18
4.8200000000e+02,8.0435167767e-03,2.0623000000e+00,5.0040558439e+18
4.8300000000e+02,8.3354398837e-03,2.0310000000e+00,4.9383324316e+18
4.8400000000e+02,8.6379947740e-03,1.9890000000e+00,4.8462232008e+18
4.8500000000e+02,8.9515698364e-03,1.9790000000e+00,4.8318205933e+18
4.8600000000e+02,9.2765676861e-03,1.6010000000e+00,3.9169756236e+18
4.8700000000e+02,9.6134056869e-03,1.7890000000e+00,4.3859388207e+18
4.8800000000e+02,9.9625164931e-03,1.9350000000e+00,4.7536155924e+18
4.8900000000e+02,1.0324348611e-02,1.8224000000e+00,4.4861711020e+18
4.9000000000e+02,1.0699366980e-02,2.0320000000e+00,5.0123691840e+18
4.9100000000e+02,1.1052038703e-02,1.9490000000e+00,4.8174431564e+18
4.9200000000e+02,1.1416382520e-02,1.8560000000e+00,4.5969136119e+18
4.9300000000e+02,1.1792786089e-02,1.9830000000e+00,4.9214480046e+18
4.9400000000e+02,1.2181649982e-02,1.9339000000e+00,4.8093261468e+18
4.9500000000e+02,1.2583388120e-02,2.0510000000e+00,5.1108616746e+18
4.9600000000e+02,1.2998428213e-02,1.9490000000e+00,4.8665006223e+18
4.9700000000e+02,1.3427212225e-02,1.9800000000e+00,4.9538727495e+18
4.9800000000e+02,1.3870196847e-02,1.9240000000e+00,4.8234488574e+18
4.9900000000e+02,1.4327853995e-02,1.9230000000e+00,4.8306224735e+18
5.0000000000e+02,1.4800671310e-02,1.9160000000e+00,4.8226836717e+18
5.0100000000e+02,1.5237493377e-02,1.8580000000e+00,4.6860476798e+18
5.0200000000e+02,1.5687270163e-02,1.8600000000e+00,4.7004553214e+18
5.0300000000e+02,1.6150387444e-02,1.9490000000e+00,4.9351810746e+18
5.0400000000e+02,1.6627242523e-02,1.8330000000e+00,4.6506779768e+18
5.0500000000e+02,1.7118244578e-02,1.9472000000e+00,4.9502280491e+18
5.0600000000e+02,1.7623815018e-02,2.0250000000e+00,5.1582075409e+18
5.0700000000e+02,1.8144387848e-02,1.9354000000e+00,4.9397158068e+18
5.0800000000e+02,1.8680410048e-02,1.8800000000e+00,4.8077826867e+18
5.0900000000e+02,1.9232341962e-02,1.9650000000e+00,5.0350478791e+18
5.1000000000e+02,1.9800657697e-02,1.9100000000e+00,4.9037329484e+18
5.1100000000e+02,2.0347268981e-02,1.9410000000e+00,4.9930935516e+18
5.1200000000e+02,2.0909049934e-02,1.9890000000e+00,5.1265832207e+18
5.1300000000e+02,2.1486423425e-02,1.8660000000e+00,4.8189483572e+18
5.1400000000e+02,2.2079824159e-02,1.8240000000e+00,4.7196655103e+18
5.1500000000e+02,2.2689699004e-02,1.8750000000e+00,4.8610688105e+18
5.1600000000e+02,2.3316507336e-02,1.8910000000e+00,4.9120694455e+18
5.1700000000e+02,2.3960721389e-02,1.5390000000e+00,4.0054602905e+18
5.1800000000e+02,2.4622826615e-02,1.7590000000e+00,4.5868957199e+18
5.1900000000e+02,2.5303322058e-02,1.7040000000e+00,4.4520518735e+18
5.2000000000e+02,2.6002720733e-02,1.8600000000e+00,4.8689975441e+18
5.2100000000e+02,2.6662095780e-02,1.8730000000e+00,4.9124570725e+18
5.2200000000e+02,2.7338291925e-02,1.9150000000e+00,5.0322539444e+18
5.2300000000e+02,2.8031740431e-02,1.8040000000e+00,4.7496487085e+18
5.2400000000e+02,2.8742883663e-02,1.9410000000e+00,5.1201194150e+18
5.2500000000e+02,2.9472175377e-02,1.9280000000e+00,5.0955327897e+18
5.2600000000e+02,3.0220081014e-02,1.8740000000e+00,4.9622495194e+18
5.2700000000e+02,3.0987078003e-02,1.6410000000e+00,4.3535392464e+18
5.2800000000e+02,3.1773656068e-02,1.8800000000e+00,4.9970654696e+18
5.2900000000e+02,3.2580317550e-02,1.9690000000e+00,5.2435408509e+18
5.3000000000e+02,3.3407577728e-02,1.8920000000e+00,5.0480107293e+18
5.3100000000e+02,3.4195977066e-02,1.9950000000e+00,5.3328662152e+18
5.3200000000e+02,3.5003106311e-02,1.9580000000e+00,5.2438177273e+18
5.3300000000e+02,3.5829412860e-02,1.7470000000e+00,4.6875226760e+18
5.3400000000e+02,3.6675354848e-02,1.8690000000e+00,5.0242799038e+18
5.3500000000e+02,3.7541401403e-02,1.8950000000e+00,5.1037132291e+18
5.3600000000e+02,3.8428032916e-02,1.9740000000e+00,5.3264175119e+18
5.3700000000e+02,3.9335741306e-02,1.8240000000e+00,4.9308567685e+18
5.3800000000e+02,4.0265030301e-02,1.9130000000e+00,5.1810825666e+18
5.3900000000e+02,4.1216415725e-02,1.8640000000e+00,5.0577567789e+18
5.4000000000e+02,4.2190425785e-02,1.8000000000e+00,4.8931613037e+18
5.4100000000e+02,4.3105749608e-02,1.7340000000e+00,4.7224745473e+18
5.4200000000e+02,4.4041081912e-02,1.8880000000e+00,5.1513913471e+18
5.4300000000e+02,4.4996862744e-02,1.8510000000e+00,5.0597553232e+18
5.4400000000e+02,4.5973541883e-02,1.9190000000e+00,5.2552955131e+18
5.4500000000e+02,4.6971579046e-02,1.8740000000e+00,5.1414942739e+18
5.4600000000e+02,4.7991444119e-02,1.8609000000e+00,5.1149211862e+18
5.4700000000e+02,4.9033617375e-02,1.8820000000e+00,5.1823914369e+18
5.4800000000e+02,5.0098589707e-02,1.8260000000e+00,5.0373786751e+18
5.4900000000e+02,5.1186862867e-02,1.8800000000e+00,5.1958123917e+18
5.5000000000e+02,5.2298949702e-02,1.8630000000e+00,5.1582075409e+18
5.5100000000e+02,5.3340369256e-02,1.8590000000e+00,5.1564909072e+18
5.5200000000e+02,5.4402705602e-02,1.8960000000e+00,5.2686661267e+18
5.5300000000e+02,5.5486381727e-02,1.8420000000e+00,5.1278820227e+18
5.5400000000e+02,5.6591829224e-02,1.8780000000e+00,5.2375552863e+18
5.5500000000e+02,5.7719488460e-02,1.8890000000e+00,5.2777426388e+18
5.5600000000e+02,5.8869808764e-02,1.8570000000e+00,5.1976850831e+18
5.5700000000e+02,6.0043248600e-02,1.8120000000e+00,5.0808533058e+18
5.5800000000e+02,6.1240275762e-02,1.8530000000e+00,5.2051456438e+18
5.5900000000e+02,6.2461367563e-02,1.7550000000e+00,4.9386948880e+18
5.6000000000e+02,6.3707011025e-02,1.7860000000e+00,5.0349220262e+18
5.6100000000e+02,6.4865835441e-02,1.8900000000e+00,5.3376234554e+18
5.6200000000e+02,6.6045948618e-02,1.8010000000e+00,5.0953414932e+18
5.6300000000e+02,6.7247744673e-02,1.8710000000e+00,5.3028024711e+18
5.6400000000e+02,6.8471625064e-02,1.8360000000e+00,5.2128478422e+18
5.6500000000e+02,6.9717998732e-02,1.8490000000e+00,5.2590660664e+18
5.6600000000e+02,7.0987282234e-02,1.7500000000e+00,4.9862924602e+18
5.6700000000e+02,7.2279899893e-02,1.8680000000e+00,5.3319147672e+18
5.6800000000e+02,7.3596283935e-02,1.8590000000e+00,5.3155840931e+18
5.6900000000e+02,7.4936874647e-02,1.8310000000e+00,5.2447389706e+18
5.7000000000e+02,7.6302120520e-02,1.8280000000e+00,5.2453480987e+18
5.7100000000e+02,7.7580770261e-02,1.7620000000e+00,5.0648347468e+18
5.7200000000e+02,7.8881089195e-02,1.8720000000e+00,5.3904514747e+18
5.7300000000e+02,8.0203447700e-02,1.8810000000e+00,5.4258362800e+18
5.7400000000e+02,8.1548222528e-02,1.8730000000e+00,5.4121887900e+18
5.7500000000e+02,8.2915796916e-02,1.8340000000e+00,5.3087276263e+18
5.7600000000e+02,8.4306560698e-02,1.8180000000e+00,5.2715657778e+18
5.7700000000e+02,8.5720910417e-02,1.8620000000e+00,5.4085239531e+18
5.7800000000e+02,8.7159249446e-02,1.7990000000e+00,5.2345851575e+18
5.7900000000e+02,8.8621988102e-02,1.8160000000e+00,5.2931923426e+18
5.8000000000e+02,9.0109543767e-02,1.8340000000e+00,5.3548904752e+18
5.8100000000e+02,9.1497336502e-02,1.8330000000e+00,5.3611982233e+18
5.8200000000e+02,9.2906778103e-02,1.8520000000e+00,5.4260930200e+18
5.8300000000e+02,9.4338209509e-02,1.8630000000e+00,5.4676999934e+18
5.8400000000e+02,9.5791977069e-02,1.8540000000e+00,5.4506192359e+18
5.8500000000e+02,9.7268432628e-02,1.8360000000e+00,5.4069432405e+18
5.8600000000e+02,9.8767933614e-02,1.7920000000e+00,5.2863862170e+18
5.8700000000e+02,1.0029084313e-01,1.8380000000e+00,5.4313385694e+18
5.8800000000e+02,1.0183753004e-01,1.8210000000e+00,5.3902702465e+18
5.8900000000e+02,1.0340836907e-01,1.6240000000e+00,4.8153137251e+18
5.9000000000e+02,1.0500374090e-01,1.7218000000e+00,5.1139677245e+18
5.9100000000e+02,1.0641431963e-01,1.8090000000e+00,5.3820696706e+18
5.9200000000e+02,1.0784415629e-01,1.7880000000e+00,5.3285922503e+18
5.9300000000e+02,1.0929351680e-01,1.7920000000e+00,5.3495341752e+18
5.9400000000e+02,1.1076267083e-01,1.7890000000e+00,5.3495845164e+18
5.9500000000e+02,1.1225189178e-01,1.7780000000e+00,5.3256422580e+18
5.9600000000e+02,1.1376145688e-01,1.7960000000e+00,5.3885989198e+18
5.9700000000e+02,1.1529164719e-01,1.8060000000e+00,5.4276938690e+18
5.9800000000e+02,1.1684274772e-01,1.7720000000e+00,5.3344318255e+18
5.9900000000e+02,1.1841504745e-01,1.7640000000e+00,5.3192287935e+18
6.0000000000e+02,1.2000883937e-01,1.7700000000e+00,5.3462317947e+18
6.0100000000e+02,1.2203839125e-01,1.7420000000e+00,5.2704280675e+18
6.0200000000e+02,1.2410260985e-01,1.7150000000e+00,5.1973729678e+18
6.0300000000e+02,1.2620209193e-01,1.7490000000e+00,5.3092159356e+18
6.0400000000e+02,1.2833744454e-01,1.7790000000e+00,5.4092387977e+18
6.0500000000e+02,1.3050928528e-01,1.7730000000e+00,5.3999206479e+18
6.0600000000e+02,1.3271824244e-01,1.7580000000e+00,5.3630860170e+18
6.0700000000e+02,1.3496495520e-01,1.7620000000e+00,5.3841588290e+18
6.0800000000e+02,1.3725007381e-01,1.7510000000e+00,5.3593607707e+18
6.0900000000e+02,1.3957425979e-01,1.7340000000e+00,5.3160573000e+18
6.1000000000e+02,1.4193818612e-01,1.7240000000e+00,5.2940783471e+18
6.1100000000e+02,1.4484872684e-01,1.7120000000e+00,5.2658470214e+18
6.1200000000e+02,1.4781934616e-01,1.7360000000e+00,5.3484065331e+18
6.1300000000e+02,1.5085129098e-01,1.7100000000e+00,5.2769120096e+18
6.1400000000e+02,1.5394583415e-01,1.6550000000e+00,5.1155182324e+18
6.1500000000e+02,1.5710427509e-01,1.7120000000e+00,5.3003206516e+18
6.1600000000e+02,1.6032794031e-01,1.6640000000e+00,5.1600903005e+18
6.1700000000e+02,1.6361818398e-01,1.6410000000e+00,5.0970279223e+18
6.1800000000e+02,1.6697638852e-01,1.7020000000e+00,5.2950650339e+18
6.1900000000e+02,1.7040396517e-01,1.7090000000e+00,5.3254459274e+18
6.2000000000e+02,1.7390235463e-01,1.7110000000e+00,5.3402915372e+18
6.2100000000e+02,1.7699465720e-01,1.7240000000e+00,5.3895453337e+18
6.2200000000e+02,1.8014241369e-01,1.6784000000e+00,5.2554404956e+18
6.2300000000e+02,1.8334662528e-01,1.6820000000e+00,5.2751802735e+18
6.2400000000e+02,1.8660831130e-01,1.6670000000e+00,5.2365283265e+18
6.2500000000e+02,1.8992850959e-01,1.6440000000e+00,5.1725547732e+18
6.2600000000e+02,1.9330827684e-01,1.6400000000e+00,5.1682254329e+18
6.2700000000e+02,1.9674868894e-01,1.6930000000e+00,5.3437701117e+18
6.2800000000e+02,2.0025084128e-01,1.6930000000e+00,5.3522928711e+18
6.2900000000e+02,2.0381584919e-01,1.6870000000e+00,5.3418168745e+18
6.3000000000e+02,2.0744484824e-01,1.6650000000e+00,5.2805365735e+18
6.3100000000e+02,2.1044881915e-01,1.6590000000e+00,5.2698592123e+18
6.3200000000e+02,2.1349682622e-01,1.5901000000e+00,5.0590012126e+18
6.3300000000e+02,2.1658952094e-01,1.6740000000e+00,5.3343613479e+18
6.3400000000e+02,2.1972756452e-01,1.6370000000e+00,5.2246981526e+18
6.3500000000e+02,2.2291162802e-01,1.6520000000e+00,5.2808889617e+18
6.3600000000e+02,2.2614239248e-01,1.6093000000e+00,5.1524928118e+18
6.3700000000e+02,2.2942054914e-01,1.6610000000e+00,5.3263822731e+18
6.3800000000e+02,2.3274679949e-01,1.6650000000e+00,5.3475910062e+18
6.3900000000e+02,2.3612185553e-01,1.6530000000e+00,5.3173712044e+18
6.4000000000e+02,2.3954643984e-01,1.6130000000e+00,5.1968192150e+18
6.4100000000e+02,2.4300168545e-01,1.6100000000e+00,5.1952586389e+18
6.4200000000e+02,2.4650736987e-01,1.6090000000e+00,5.2001316637e+18
6.4300000000e+02,2.5006423606e-01,1.6250000000e+00,5.2600225485e+18
6.4400000000e+02,2.5367303799e-01,1.6140000000e+00,5.2325413062e+18
6.4500000000e+02,2.5733454082e-01,1.6270000000e+00,5.2828774377e+18
6.4600000000e+02,2.6104952107e-01,1.5910000000e+00,5.1739945305e+18
6.4700000000e+02,2.6481876678e-01,1.6060000000e+00,5.2308599112e+18
6.4800000000e+02,2.6864307767e-01,1.6020000000e+00,5.2258962723e+18
6.4900000000e+02,2.7252326537e-01,1.5510000000e+00,5.0673367028e+18
6.5000000000e+02,2.7646015352e-01,1.5260000000e+00,4.9933402233e+18
6.5100000000e+02,2.8018321734e-01,1.6130000000e+00,5.2861395453e+18
6.5200000000e+02,2.8395708935e-01,1.5910000000e+00,5.2220502072e+18
6.5300000000e+02,2.8778246975e-01,1.5980000000e+00,5.2530704335e+18
6.5400000000e+02,2.9166006846e-01,1.5750000000e+00,5.1853917704e+18
6.5500000000e+02,2.9559060526e-01,1.5230000000e+00,5.0218584937e+18
6.5600000000e+02,2.9957480994e-01,1.3233000000e+00,4.3700400737e+18
6.5700000000e+02,3.0361342242e-01,1.3840000000e+00,4.5774617855e+18
6.5800000000e+02,3.0770719289e-01,1.5390000000e+00,5.0978585515e+18
6.5900000000e+02,3.1185688199e-01,1.5420000000e+00,5.1155585054e+18
6.6000000000e+02,3.1606326091e-01,1.5580000000e+00,5.1764813841e+18
6.6100000000e+02,3.1970679308e-01,1.5660000000e+00,5.2109449461e+18
6.6200000000e+02,3.2339306753e-01,1.5710000000e+00,5.2354912985e+18
6.6300000000e+02,3.2712259181e-01,1.5630000000e+00,5.2166989413e+18
6.6400000000e+02,3.3089587952e-01,1.5540000000e+00,5.1944833849e+18
6.6500000000e+02,3.3471345045e-01,1.5670000000e+00,5.2458263398e+18
6.6600000000e+02,3.3857583061e-01,1.5550000000e+00,5.2134821408e+18
6.6700000000e+02,3.4248355231e-01,1.5354000000e+00,5.1554981794e+18
6.6800000000e+02,3.4643715424e-01,1.5348000000e+00,5.1612098881e+18
6.6900000000e+02,3.5043718157e-01,1.5580000000e+00,5.2470697666e+18
6.7000000000e+02,3.5448418599e-01,1.5340000000e+00,5.1739643258e+18
6.7100000000e+02,3.5753420459e-01,1.5290000000e+00,5.1647971995e+18
6.7200000000e+02,3.6061126680e-01,1.5060000000e+00,5.0946870581e+18
6.7300000000e+02,3.6371561669e-01,1.5170000000e+00,5.1395360026e+18
6.7400000000e+02,3.6684750055e-01,1.5130000000e+00,5.1336007792e+18
6.7500000000e+02,3.7000716695e-01,1.4990000000e+00,5.0936449960e+18
6.7600000000e+02,3.7319486672e-01,1.5150000000e+00,5.1556401415e+18
6.7700000000e+02,3.7641085298e-01,1.5000000000e+00,5.1121453743e+18
6.7800000000e+02,3.7965538118e-01,1.5070000000e+00,5.1435884664e+18
6.7900000000e+02,3.8292870908e-01,1.4930000000e+00,5.1033205680e+18
6.8000000000e+02,3.8623109682e-01,1.4940000000e+00,5.1142597033e+18
6.8100000000e+02,3.9103491236e-01,1.4870000000e+00,5.0977830398e+18
6.8200000000e+02,3.9589932984e-01,1.4930000000e+00,5.1258683761e+18
6.8300000000e+02,4.0082512173e-01,1.4760000000e+00,5.0749331847e+18
6.8400000000e+02,4.0581307040e-01,1.4660000000e+00,5.0479301834e+18
6.8500000000e+02,4.1086396830e-01,1.4650000000e+00,5.0518618284e+18
6.8600000000e+02,4.1597861805e-01,1.4330000000e+00,4.9487278823e+18
6.8700000000e+02,4.2115783258e-01,1.4720000000e+00,5.0908208566e+18
6.8800000000e+02,4.2640243528e-01,1.4760000000e+00,5.1120849649e+18
6.8900000000e+02,4.3171326012e-01,1.4780000000e+00,5.1264523336e+18
6.9000000000e+02,4.3709115180e-01,1.4790000000e+00,5.1373662983e+18
6.9100000000e+02,4.4479688177e-01,1.4680000000e+00,5.1065474367e+18
6.9200000000e+02,4.5263940843e-01,1.4540000000e+00,5.0651669985e+18
6.9300000000e+02,4.6062117409e-01,1.4580000000e+00,5.0864411751e+18
6.9400000000e+02,4.6874466489e-01,1.4570000000e+00,5.0902872402e+18
6.9500000000e+02,4.7701241154e-01,1.4350000000e+00,5.0206503057e+18
6.9600000000e+02,4.8542699018e-01,1.4420000000e+00,5.0524004789e+18
6.9700000000e+02,4.9399102316e-01,1.4380000000e+00,5.0456245580e+18
6.9800000000e+02,5.0270717989e-01,1.4170000000e+00,4.9790735370e+18
6.9900000000e+02,5.1157817767e-01,1.4340000000e+00,5.0460272873e+18
7.0000000000e+02,5.2060678259e-01,1.4220000000e+00,5.0109596313e+18
7.0100000000e+02,5.2881758490e-01,1.4131000000e+00,4.9867107952e+18
7.0200000000e+02,5.3715897783e-01,1.3987000000e+00,4.9429356278e+18
7.0300000000e+02,5.4563305231e-01,1.4095000000e+00,4.9881978733e+18
7.0400000000e+02,5.5424193297e-01,1.4187000000e+00,5.0278984268e+18
7.0500000000e+02,5.6298777863e-01,1.4330000000e+00,5.0857917741e+18
7.0600000000e+02,5.7187278287e-01,1.4138000000e+00,5.0247672063e+18
7.0700000000e+02,5.8089917461e-01,1.4040000000e+00,4.9970050602e+18
7.0800000000e+02,5.9006921865e-01,1.3990000000e+00,4.9862521872e+18
7.0900000000e+02,5.9938521627e-01,1.3900000000e+00,4.9611722185e+18
7.1000000000e+02,6.0884950582e-01,1.4040000000e+00,5.0182087592e+18
7.1100000000e+02,6.1769397639e-01,1.3970000000e+00,5.0002218607e+18
7.1200000000e+02,6.2666816608e-01,1.3818000000e+00,4.9527732984e+18
7.1300000000e+02,6.3577399174e-01,1.3702000000e+00,4.9180932694e+18
7.1400000000e+02,6.4501339874e-01,1.3819000000e+00,4.9670450189e+18
7.1500000000e+02,6.5438836136e-01,1.3502000000e+00,4.8599008955e+18
7.1600000000e+02,6.6390088325e-01,1.3694000000e+00,4.9359029670e+18
7.1700000000e+02,6.7355299783e-01,1.3650000000e+00,4.9269150552e+18
7.1800000000e+02,6.8334676881e-01,1.3570000000e+00,4.9048706588e+18
7.1900000000e+02,6.9328429054e-01,1.3010000000e+00,4.7090082855e+18
7.2000000000e+02,7.0336768855e-01,1.3487000000e+00,4.8884493705e+18
7.2100000000e+02,7.0696186290e-01,1.3480000000e+00,4.8926981649e+18
7.2200000000e+02,7.1057577021e-01,1.3600000000e+00,4.9430997400e+18
7.2300000000e+02,7.1420952150e-01,1.3510000000e+00,4.9171891420e+18
7.2400000000e+02,7.1786322840e-01,1.3607000000e+00,4.9593438273e+18
7.2500000000e+02,7.2153700322e-01,1.3465000000e+00,4.9143675197e+18
7.2600000000e+02,7.2523095890e-01,1.3429000000e+00,4.9079887906e+18
7.2700000000e+02,7.2894520902e-01,1.3444000000e+00,4.9202388098e+18
7.2800000000e+02,7.3267986783e-01,1.3370000000e+00,4.8998868834e+18
7.2900000000e+02,7.3643505024e-01,1.2796000000e+00,4.6959669031e+18
7.3000000000e+02,7.4021087180e-01,1.3357000000e+00,4.9085707345e+18
7.3100000000e+02,7.4922214826e-01,1.3104000000e+00,4.8221923419e+18
7.3200000000e+02,7.5834454653e-01,1.3333000000e+00,4.9131749375e+18
7.3300000000e+02,7.6757945006e-01,1.3108000000e+00,4.8368617576e+18
7.3400000000e+02,7.7692825963e-01,1.3390000000e+00,4.9476606496e+18
7.3500000000e+02,7.8639239358e-01,1.3271000000e+00,4.9103704311e+18
7.3600000000e+02,7.9597328808e-01,1.3100000000e+00,4.8536938298e+18
7.3700000000e+02,8.0567239730e-01,1.3120000000e+00,4.8677088103e+18
7.3800000000e+02,8.1549119365e-01,1.3000000000e+00,4.8297314349e+18
7.3900000000e+02,8.2543116802e-01,1.2646000000e+00,4.7045802766e+18
7.4000000000e+02,8.3549383004e-01,1.2830000000e+00,4.7794909516e+18
7.4100000000e+02,8.4922751848e-01,1.2707000000e+00,4.7400672745e+18
7.4200000000e+02,8.6318853074e-01,1.2649000000e+00,4.7247993023e+18
7.4300000000e+02,8.7738065091e-01,1.2892000000e+00,4.8220574276e+18
7.4400000000e+02,8.9180772637e-01,1.2955000000e+00,4.8521433219e+18
7.4500000000e+02,9.0647366886e-01,1.2920000000e+00,4.8455385609e+18
7.4600000000e+02,9.2138245556e-01,1.2892000000e+00,4.8415273768e+18
7.4700000000e+02,9.3653813016e-01,1.2890000000e+00,4.8472652629e+18
7.4800000000e+02,9.5194480402e-01,1.2808000000e+00,4.8228769818e+18
7.4900000000e+02,9.6760665730e-01,1.2760000000e+00,4.8112260224e+18
7.5000000000e+02,9.8352794008e-01,1.2740000000e+00,4.8100983803e+18
7.5100000000e+02,1.0008005697e+00,1.2680000000e+00,4.7938281155e+18
7.5200000000e+02,1.0183783453e+00,1.2720000000e+00,4.8153539980e+18
7.5300000000e+02,1.0362666845e+00,1.2650000000e+00,4.7952225658e+18
7.5400000000e+02,1.0544711012e+00,1.2809000000e+00,4.8619427332e+18
7.5500000000e+02,1.0729972079e+00,1.2771000000e+00,4.8539480526e+18
7.5600000000e+02,1.0918507170e+00,1.2610000000e+00,4.7991038697e+18
7.5700000000e+02,1.1110374429e+00,1.2598000000e+00,4.8008788992e+18
7.5800000000e+02,1.1305633036e+00,1.2680000000e+00,4.8385109342e+18
7.5900000000e+02,1.1504343226e+00,1.2500000000e+00,4.7761180935e+18
7.6000000000e+02,1.1706566309e+00,1.2590000000e+00,4.8168440965e+18
7.6100000000e+02,1.1918013361e+00,1.2487000000e+00,4.7837231334e+18
7.6200000000e+02,1.2133300575e+00,1.2460000000e+00,4.7796520433e+18
7.6300000000e+02,1.2352498016e+00,1.2543000000e+00,4.8178051093e+18
7.6400000000e+02,1.2575677029e+00,1.2566000000e+00,4.8329653514e+18
7.6500000000e+02,1.2802910268e+00,1.2452000000e+00,4.7953886917e+18
7.6600000000e+02,1.3034271716e+00,1.2000000000e+00,4.6273599489e+18
7.6700000000e+02,1.3269836714e+00,1.2120000000e+00,4.6797348977e+18
7.6800000000e+02,1.3509681981e+00,1.2310000000e+00,4.7592940759e+18
7.6900000000e+02,1.3753885642e+00,1.2142000000e+00,4.7004543146e+18
7.7000000000e+02,1.4002527256e+00,1.2146000000e+00,4.7081172469e+18
7.7100000000e+02,1.4228334355e+00,1.2073000000e+00,4.6858981666e+18
7.7200000000e+02,1.4457807178e+00,1.2120000000e+00,4.7102416441e+18
7.7300000000e+02,1.4691005561e+00,1.2100000000e+00,4.7085602491e+18
7.7400000000e+02,1.4927990319e+00,1.2090000000e+00,4.7107551239e+18
7.7500000000e+02,1.5168823265e+00,1.2080000000e+00,4.7129399305e+18
7.7600000000e+02,1.5413567227e+00,1.2102000000e+00,4.7276153872e+18
7.7700000000e+02,1.5662286061e+00,1.2028000000e+00,4.7047625116e+18
7.7800000000e+02,1.5915044673e+00,1.2014000000e+00,4.7053343872e+18
7.7900000000e+02,1.6171909031e+00,1.2067000000e+00,4.7321667319e+18
7.8000000000e+02,1.6432946188e+00,1.1930000000e+00,4.6844468308e+18
7.8100000000e+02,1.6652796904e+00,1.1898000000e+00,4.6778712677e+18
7.8200000000e+02,1.6875616593e+00,1.1950000000e+00,4.7043315912e+18
7.8300000000e+02,1.7101445646e+00,1.1896000000e+00,4.6890621088e+18
7.8400000000e+02,1.7330325004e+00,1.1810000000e+00,4.6611086664e+18
7.8500000000e+02,1.7562296170e+00,1.1874000000e+00,4.6923453597e+18
7.8600000000e+02,1.7797401216e+00,1.1890000000e+00,4.7046537747e+18
7.8700000000e+02,1.8035682787e+00,1.1877000000e+00,4.7054889346e+18
7.8800000000e+02,1.8277184115e+00,1.1800000000e+00,4.6809229492e+18
7.8900000000e+02,1.8521949022e+00,1.1812000000e+00,4.6916295083e+18
7.9000000000e+02,1.8770021930e+00,1.1704000000e+00,4.6546247242e+18
7.9100000000e+02,1.8986183192e+00,1.1632000000e+00,4.6318463536e+18
7.9200000000e+02,1.9204864527e+00,1.1500000000e+00,4.5850733697e+18
7.9300000000e+02,1.9426095585e+00,1.1449000000e+00,4.5705031261e+18
7.9400000000e+02,1.9649906369e+00,1.1260000000e+00,4.5007217125e+18
7.9500000000e+02,1.9876327237e+00,1.1280000000e+00,4.5143943731e+18
7.9600000000e+02,2.0105388905e+00,1.1427000000e+00,4.5789780614e+18
7.9700000000e+02,2.0337122457e+00,1.1580000000e+00,4.6461170672e+18
7.9800000000e+02,2.0571559341e+00,1.1501000000e+00,4.6202104965e+18
7.9900000000e+02,2.0808731382e+00,1.1350000000e+00,4.5652641210e+18
8.0000000000e+02,2.1048670779e+00,1.1248000000e+00,4.5298994521e+18
8.0100000000e+02,2.1114678352e+00,1.1427000000e+00,4.6077404864e+18
8.0200000000e+02,2.1180925934e+00,1.1422000000e+00,4.6114742906e+18
8.0300000000e+02,2.1247414402e+00,1.1241000000e+00,4.5440568982e+18
8.0400000000e+02,2.1314144637e+00,1.1342000000e+00,4.5905947888e+18
8.0500000000e+02,2.1381117524e+00,1.1001000000e+00,4.4581154669e+18
8.0600000000e+02,2.1448333949e+00,1.1309000000e+00,4.5886244355e+18
8.0700000000e+02,2.1515794805e+00,1.1230000000e+00,4.5622235146e+18
8.0800000000e+02,2.1583500985e+00,1.1162000000e+00,4.5402173775e+18
8.0900000000e+02,2.1651453387e+00,1.0980000000e+00,4.4717151328e+18
8.1000000000e+02,2.1719652914e+00,1.1100000000e+00,4.5261742059e+18
8.1100000000e+02,2.1738914060e+00,1.1143000000e+00,4.5493175500e+18
8.1200000000e+02,2.1758225369e+00,1.1160000000e+00,4.5618761606e+18
8.1300000000e+02,2.1777586862e+00,1.1180000000e+00,4.5756797082e+18
8.1400000000e+02,2.1796998561e+00,1.1174000000e+00,4.5788491880e+18
8.1500000000e+02,2.1816460489e+00,1.1091000000e+00,4.5504210283e+18
8.1600000000e+02,2.1835972667e+00,1.1050000000e+00,4.5391622266e+18
8.1700000000e+02,2.1855535121e+00,1.1083000000e+00,4.5582974071e+18
8.1800000000e+02,2.1875147872e+00,1.0861000000e+00,4.4724591753e+18
8.1900000000e+02,2.1894810945e+00,1.0738000000e+00,4.4272145492e+18
8.2000000000e+02,2.1914524364e+00,1.0740000000e+00,4.4334457787e+18
8.2100000000e+02,2.1918253263e+00,1.0760000000e+00,4.4471184393e+18
8.2200000000e+02,2.1922015319e+00,1.0560000000e+00,4.3697742724e+18
8.2300000000e+02,2.1925810471e+00,1.0760000000e+00,4.4579518582e+18
8.2400000000e+02,2.1929638657e+00,1.0715000000e+00,4.4447020633e+18
8.2500000000e+02,2.1933499815e+00,1.0699000000e+00,4.4434510854e+18
8.2600000000e+02,2.1937393884e+00,1.0759000000e+00,4.4737861684e+18
8.2700000000e+02,2.1941320803e+00,1.0762000000e+00,4.4804513387e+18
8.2800000000e+02,2.1945280512e+00,1.0749000000e+00,4.4804503319e+18
8.2900000000e+02,2.1949272951e+00,1.0620000000e+00,4.4320261578e+18
8.3000000000e+02,2.1953298061e+00,1.0563000000e+00,4.4135559841e+18
8.3100000000e+02,2.2015965550e+00,1.0560000000e+00,4.4176185162e+18
8.3200000000e+02,2.2078843900e+00,1.0550000000e+00,4.4187461583e+18
8.3300000000e+02,2.2141933820e+00,1.0327000000e+00,4.3305439054e+18
8.3400000000e+02,2.2205236019e+00,1.0459000000e+00,4.3911622200e+18
8.3500000000e+02,2.2268751210e+00,1.0476000000e+00,4.4035733310e+18
8.3600000000e+02,2.2332480109e+00,1.0597000000e+00,4.4597701811e+18
8.3700000000e+02,2.2396423434e+00,1.0511000000e+00,4.4288682565e+18
8.3800000000e+02,2.2460581904e+00,1.0549000000e+00,4.4501902572e+18
8.3900000000e+02,2.2524956242e+00,1.0400000000e+00,4.3925687522e+18
8.4000000000e+02,2.2589547176e+00,1.0500000000e+00,4.4400908126e+18
8.4100000000e+02,2.3000550454e+00,1.0520000000e+00,4.4538440190e+18
8.4200000000e+02,2.3419064801e+00,1.0287000000e+00,4.3603775904e+18
8.4300000000e+02,2.3845228003e+00,1.0271000000e+00,4.3587661697e+18
8.4400000000e+02,2.4279180379e+00,1.0140000000e+00,4.3082775044e+18
8.4500000000e+02,2.4721064833e+00,1.0360000000e+00,4.4069663256e+18
8.4600000000e+02,2.5171026898e+00,1.0370000000e+00,4.4164405329e+18
8.4700000000e+02,2.5629214785e+00,1.0060000000e+00,4.2894801131e+18
8.4800000000e+02,2.6095779436e+00,1.0110000000e+00,4.3158890886e+18
8.4900000000e+02,2.6570874569e+00,1.0050000000e+00,4.2953347907e+18
8.5000000000e+02,2.7054656734e+00,9.1000000000e-01,3.8938891650e+18
8.5100000000e+02,2.7461871502e+00,9.9800000000e-01,4.2754651326e+18
8.5200000000e+02,2.7875253977e+00,9.9000000000e-01,4.2461766424e+18
8.5300000000e+02,2.8294898062e+00,9.8100000000e-01,4.2125135049e+18
8.5400000000e+02,2.8720899092e+00,8.6900000000e-01,3.7359487918e+18
8.5500000000e+02,2.9153353863e+00,9.2700000000e-01,3.9899652797e+18
8.5600000000e+02,2.9592360649e+00,9.9017000000e-01,4.2668443086e+18
8.5700000000e+02,3.0038019228e+00,1.0056000000e+00,4.3383976306e+18
8.5800000000e+02,3.0490430904e+00,1.0070000000e+00,4.3495069191e+18
8.5900000000e+02,3.0949698531e+00,1.0050000000e+00,4.3459276622e+18
8.6000000000e+02,3.1415926536e+00,1.0000000000e+00,4.3293402481e+18
8.6100000000e+02,3.2042464652e+00,9.9900000000e-01,4.3300399903e+18
8.6200000000e+02,3.2681542108e+00,1.0060000000e+00,4.3654449321e+18
8.6300000000e+02,3.3333410635e+00,1.0120000000e+00,4.3965759090e+18
8.6400000000e+02,3.3998327031e+00,9.9006000000e-01,4.3062429158e+18
8.6500000000e+02,3.4676553263e+00,9.7354000000e-01,4.2392904743e+18
8.6600000000e+02,3.5368356572e+00,8.5800000000e-01,3.7404895649e+18
8.6700000000e+02,3.6074009580e+00,9.2500000000e-01,4.0372356343e+18
8.6800000000e+02,3.6793790397e+00,9.6900000000e-01,4.2341551720e+18
8.6900000000e+02,3.7527982732e+00,9.5900000000e-01,4.1952867580e+18
8.7000000000e+02,3.8276876009e+00,9.7700000000e-01,4.2789487412e+18
8.7100000000e+02,3.9139698534e+00,9.6317000000e-01,4.2232264573e+18
8.7200000000e+02,4.0022023224e+00,9.7600000000e-01,4.2843956554e+18
8.7300000000e+02,4.0924291947e+00,9.6614000000e-01,4.2459763852e+18
8.7400000000e+02,4.1846956598e+00,9.4913000000e-01,4.1759991445e+18
8.7500000000e+02,4.2790479340e+00,9.3562000000e-01,4.1212676251e+18
8.7600000000e+02,4.3755332825e+00,9.6200000000e-01,4.2423104409e+18
8.7700000000e+02,4.4742000442e+00,9.6500000000e-01,4.2603980217e+18
8.7800000000e+02,4.5750976556e+00,9.6200000000e-01,4.2519960811e+18
8.7900000000e+02,4.6782766762e+00,9.4571000000e-01,4.1847558392e+18
8.8000000000e+02,4.7837888134e+00,9.4856000000e-01,4.2021422180e+18
8.8100000000e+02,4.8540348341e+00,9.1963000000e-01,4.0786111893e+18
8.8200000000e+02,4.9253187059e+00,9.4408000000e-01,4.1918009343e+18
8.8300000000e+02,4.9976558404e+00,9.3930000000e-01,4.1753058459e+18
8.8400000000e+02,5.0710618794e+00,9.4352000000e-01,4.1988140628e+18
8.8500000000e+02,5.1455526978e+00,9.5469000000e-01,4.2533283601e+18
8.8600000000e+02,5.2211444072e+00,9.2558000000e-01,4.1282971648e+18
8.8700000000e+02,5.2978533598e+00,9.2300000000e-01,4.1214362680e+18
8.8800000000e+02,5.3756961514e+00,9.4066000000e-01,4.2050281763e+18
8.8900000000e+02,5.4546896257e+00,9.4367000000e-01,4.2232343106e+18
8.9000000000e+02,5.5348508773e+00,9.4236000000e-01,4.2221155788e+18
8.9100000000e+02,5.5669144762e+00,9.3928000000e-01,4.2130445035e+18
8.9200000000e+02,5.5991708735e+00,9.3259000000e-01,4.1877319586e+18
8.9300000000e+02,5.6316212521e+00,9.1800000000e-01,4.1268378750e+18
8.9400000000e+02,5.6642668021e+00,9.2400000000e-01,4.1584621953e+18
8.9500000000e+02,5.6971087210e+00,9.2600000000e-01,4.1721247877e+18
8.9600000000e+02,5.7301482138e+00,9.3425000000e-01,4.2139985693e+18
8.9700000000e+02,5.7633864929e+00,9.2686000000e-01,4.1853313898e+18
8.9800000000e+02,5.7968247784e+00,9.2378000000e-01,4.1760737501e+18
8.9900000000e+02,5.8304642979e+00,9.1396000000e-01,4.1362820791e+18
9.0000000000e+02,5.8643062867e+00,9.1378000000e-01,4.1400675334e+18
9.0100000000e+02,5.8904399293e+00,8.9834000000e-01,4.0746357978e+18
9.0200000000e+02,5.9166973220e+00,8.7720000000e-01,3.9831662018e+18
9.0300000000e+02,5.9430790650e+00,9.2233000000e-01,4.1927344106e+18
9.0400000000e+02,5.9695857615e+00,9.2100000000e-01,4.1913249083e+18
9.0500000000e+02,5.9962180178e+00,9.1800000000e-01,4.1822937031e+18
9.0600000000e+02,6.0229764431e+00,9.0780000000e-01,4.1403937441e+18
9.0700000000e+02,6.0498616496e+00,9.1450000000e-01,4.1755555381e+18
9.0800000000e+02,6.0768742525e+00,9.0143000000e-01,4.1204165573e+18
9.0900000000e+02,6.1040148701e+00,8.8552000000e-01,4.0521501107e+18
9.1000000000e+02,6.1312841239e+00,8.9496000000e-01,4.0998529966e+18
9.1100000000e+02,6.1647290632e+00,8.9730000000e-01,4.1150897572e+18
9.1200000000e+02,6.1983639065e+00,8.9016000000e-01,4.0868263138e+18
9.1300000000e+02,6.2321897549e+00,9.0020000000e-01,4.1374528132e+18
9.1400000000e+02,6.2662077158e+00,8.9820000000e-01,4.1327821599e+18
9.1500000000e+02,6.3004189032e+00,8.8830000000e-01,4.0917022585e+18
9.1600000000e+02,6.3348244375e+00,8.9470000000e-01,4.1256860692e+18
9.1700000000e+02,6.3694254458e+00,8.8860000000e-01,4.1020307554e+18
9.1800000000e+02,6.4042230620e+00,8.8810000000e-01,4.1041934119e+18
9.1900000000e+02,6.4392184263e+00,8.9210000000e-01,4.1271696233e+18
9.2000000000e+02,6.4744126861e+00,8.8540000000e-01,4.1006302642e+18
9.2100000000e+02,6.5161763809e+00,8.7030000000e-01,4.0350775085e+18
9.2200000000e+02,6.5582172071e+00,8.6280000000e-01,4.0046477841e+18
9.2300000000e+02,6.6005370353e+00,8.3335000000e-01,3.8721521014e+18
9.2400000000e+02,6.6431377490e+00,8.6957000000e-01,4.0448254711e+18
9.2500000000e+02,6.6860212442e+00,8.7642000000e-01,4.0811004090e+18
9.2600000000e+02,6.7291894302e+00,8.4561000000e-01,3.9418887617e+18
9.2700000000e+02,6.7726442292e+00,8.7809000000e-01,4.0977176754e+18
9.2800000000e+02,6.8163875767e+00,8.7110000000e-01,4.0694831782e+18
9.2900000000e+02,6.8604214212e+00,8.6954000000e-01,4.0665727540e+18
9.3000000000e+02,6.9047477247e+00,8.6866000000e-01,4.0668301987e+18
9.3100000000e+02,6.9520278989e+00,8.7078000000e-01,4.0811390710e+18
9.3200000000e+02,6.9996398991e+00,8.6514000000e-01,4.0590609460e+18
9.3300000000e+02,7.0475860908e+00,8.6958000000e-01,4.0842700901e+18
9.3400000000e+02,7.0958688562e+00,8.6709000000e-01,4.0769400137e+18
9.3500000000e+02,7.1444905951e+00,8.5601000000e-01,4.0291526050e+18
9.3600000000e+02,7.1934537243e+00,8.5222000000e-01,4.0156036326e+18
9.3700000000e+02,7.2427606782e+00,8.5368000000e-01,4.0267805796e+18
9.3800000000e+02,7.2924139086e+00,8.5936000000e-01,4.0578990718e+18
9.3900000000e+02,7.3424158852e+00,8.5676000000e-01,4.0499348981e+18
9.4000000000e+02,7.3927690955e+00,8.4000000000e-01,3.9749384417e+18
9.4100000000e+02,7.4478772081e+00,8.3153000000e-01,3.9390438314e+18
9.4200000000e+02,7.5034045885e+00,8.0616000000e-01,3.8229218142e+18
9.4300000000e+02,7.5593544701e+00,8.3814000000e-01,3.9787946757e+18
9.4400000000e+02,7.6157301118e+00,8.1854000000e-01,3.8898707318e+18
9.4500000000e+02,7.6725347978e+00,8.2441000000e-01,3.9219163573e+18
9.4600000000e+02,7.7297718378e+00,8.3138000000e-01,3.9592595850e+18
9.4700000000e+02,7.7874445675e+00,8.2809000000e-01,3.9477604042e+18
9.4800000000e+02,7.8455563485e+00,8.3137000000e-01,3.9675823892e+18
9.4900000000e+02,7.9041105686e+00,8.3303000000e-01,3.9796980479e+18
9.5000000000e+02,7.9631106419e+00,8.2867000000e-01,3.9630403072e+18
9.5100000000e+02,8.1369357050e+00,8.2019000000e-01,3.9266143962e+18
9.5200000000e+02,8.3145643522e+00,8.2402000000e-01,3.9490985228e+18
9.5300000000e+02,8.4960799928e+00,8.2050000000e-01,3.9363594894e+18
9.5400000000e+02,8.6815678688e+00,8.1200000000e-01,3.8996683308e+18
9.5500000000e+02,8.8711150951e+00,7.6900000000e-01,3.6970300366e+18
9.5600000000e+02,9.0648107011e+00,8.0200000000e-01,3.8597175817e+18
9.5700000000e+02,9.2627456722e+00,8.0583000000e-01,3.8822065410e+18
9.5800000000e+02,9.4650129935e+00,8.1147000000e-01,3.9134631191e+18
9.5900000000e+02,9.6717076936e+00,8.1483000000e-01,3.9337692854e+18
9.6000000000e+02,9.8829268894e+00,8.0627000000e-01,3.8965028783e+18
9.6100000000e+02,1.0076270819e+01,7.9982000000e-01,3.8693580156e+18
9.6200000000e+02,1.0273408343e+01,8.0173000000e-01,3.8826341892e+18
9.6300000000e+02,1.0474414089e+01,7.9761000000e-01,3.8666970320e+18
9.6400000000e+02,1.0679364156e+01,7.8808000000e-01,3.8244642675e+18
9.6500000000e+02,1.0888336142e+01,7.9579000000e-01,3.8658861365e+18
9.6600000000e+02,1.1101409178e+01,7.8598000000e-01,3.8221866318e+18
9.6700000000e+02,1.1318663954e+01,7.9503000000e-01,3.8701986628e+18
9.6800000000e+02,1.1540182751e+01,7.8526000000e-01,3.8265914838e+18
9.6900000000e+02,1.1766049473e+01,7.8789000000e-01,3.8433738692e+18
9.7000000000e+02,1.1996349679e+01,7.9140000000e-01,3.8644798560e+18
9.7100000000e+02,1.2214123991e+01,7.8186000000e-01,3.8218311225e+18
9.7200000000e+02,1.2435864832e+01,7.8785000000e-01,3.8550771331e+18
9.7300000000e+02,1.2661644661e+01,7.8149000000e-01,3.8278907389e+18
9.7400000000e+02,1.2891537261e+01,7.6882000000e-01,3.7697009325e+18
9.7500000000e+02,1.3125617768e+01,7.7348000000e-01,3.7964437706e+18
9.7600000000e+02,1.3363962694e+01,7.8054000000e-01,3.8350254413e+18
9.7700000000e+02,1.3606649952e+01,7.7208000000e-01,3.7973456829e+18
9.7800000000e+02,1.3853758883e+01,7.7800000000e-01,3.8303787504e+18
9.7900000000e+02,1.4105370280e+01,7.6650000000e-01,3.7776186917e+18
9.8000000000e+02,1.4361566416e+01,7.7512000000e-01,3.8240035452e+18
9.8100000000e+02,1.4595609691e+01,7.7300000000e-01,3.8174360367e+18
9.8200000000e+02,1.4833482465e+01,7.7879000000e-01,3.8499502881e+18
9.8300000000e+02,1.5075247618e+01,7.7541000000e-01,3.8371447541e+18
9.8400000000e+02,1.5320969061e+01,7.6881000000e-01,3.8083546918e+18
9.8500000000e+02,1.5570711763e+01,7.7081000000e-01,3.8221421806e+18
9.8600000000e+02,1.5824541759e+01,7.6620000000e-01,3.8031401525e+18
9.8700000000e+02,1.6082526172e+01,7.6606000000e-01,3.8063016783e+18
9.8800000000e+02,1.6344733233e+01,7.6368000000e-01,3.7983206906e+18
9.8900000000e+02,1.6611232296e+01,7.5500000000e-01,3.7589496704e+18
9.9000000000e+02,1.6882093856e+01,7.5694000000e-01,3.7724189527e+18
9.9100000000e+02,1.7201019487e+01,7.6161000000e-01,3.7995272173e+18
9.9200000000e+02,1.7525987901e+01,7.5714000000e-01,3.7810387698e+18
9.9300000000e+02,1.7857113893e+01,7.5639000000e-01,3.7811011425e+18
9.9400000000e+02,1.8194514441e+01,7.5851000000e-01,3.7955171911e+18
9.9500000000e+02,1.8538308754e+01,7.5392000000e-01,3.7763445568e+18
9.9600000000e+02,1.8888618309e+01,7.5347000000e-01,3.7778835869e+18
9.9700000000e+02,1.9245566897e+01,7.4300000000e-01,3.7291275639e+18
9.9800000000e+02,1.9609280665e+01,7.4300000000e-01,3.7328679125e+18
9.9900000000e+02,1.9979888165e+01,7.4200000000e-01,3.7315791786e+18
1.0000000000e+03,2.0357520395e+01,7.4255000000e-01,3.7380832572e+18
1.0010000000e+03,2.0770277512e+01,7.4741000000e-01,3.7663116128e+18
1.0020000000e+03,2.1191424599e+01,7.4677000000e-01,3.7668458836e+18
1.0030000000e+03,2.1621132581e+01,7.3836000000e-01,3.7281412797e+18
1.0040000000e+03,2.2059575871e+01,7.3133000000e-01,3.6963268712e+18
1.0050000000e+03,2.2506932444e+01,6.8365000000e-01,3.4587816604e+18
1.0060000000e+03,2.2963383908e+01,7.1770000000e-01,3.6346633733e+18
1.0070000000e+03,2.3429115578e+01,7.3093000000e-01,3.7053439305e+18
1.0080000000e+03,2.3904316555e+01,7.3339000000e-01,3.7215065155e+18
1.0090000000e+03,2.4389179798e+01,7.2934000000e-01,3.7046268206e+18
1.0100000000e+03,2.4883902207e+01,7.3055000000e-01,3.7144505970e+18
1.0110000000e+03,2.5153820437e+01,7.2562000000e-01,3.6930370760e+18
1.0120000000e+03,2.5426691375e+01,7.2496000000e-01,3.6933275446e+18
1.0130000000e+03,2.5702547537e+01,7.1960000000e-01,3.6696434357e+18
1.0140000000e+03,2.5981421804e+01,7.2265000000e-01,3.6888349983e+18
1.0150000000e+03,2.6263347418e+01,7.1062000000e-01,3.6310040740e+18
1.0160000000e+03,2.6548357988e+01,7.1419000000e-01,3.6528407628e+18
1.0170000000e+03,2.6836487500e+01,7.0659000000e-01,3.6175263847e+18
1.0180000000e+03,2.7127770311e+01,7.1566000000e-01,3.6675647483e+18
1.0190000000e+03,2.7422241162e+01,6.9606000000e-01,3.5706240744e+18
1.0200000000e+03,2.7719935179e+01,7.0127000000e-01,3.6008804238e+18
1.0210000000e+03,2.7789707800e+01,7.0300000000e-01,3.6133026099e+18
1.0220000000e+03,2.7859682769e+01,6.9300000000e-01,3.5653929225e+18
1.0230000000e+03,2.7929860676e+01,6.9900000000e-01,3.5997809728e+18
1.0240000000e+03,2.8000242115e+01,7.0057000000e-01,3.6113930688e+18
1.0250000000e+03,2.8070827681e+01,6.9918000000e-01,3.6077474622e+18
1.0260000000e+03,2.8141617972e+01,6.9943000000e-01,3.6125584668e+18
1.0270000000e+03,2.8212613585e+01,6.9594000000e-01,3.5980360473e+18
1.0280000000e+03,2.8283815122e+01,6.9722000000e-01,3.6081635823e+18
1.0290000000e+03,2.8355223186e+01,6.9000000000e-01,3.5742731041e+18
1.0300000000e+03,2.8426838380e+01,6.9208000000e-01,3.5885317359e+18
1.0310000000e+03,2.8399266277e+01,6.8985000000e-01,3.5804416589e+18
1.0320000000e+03,2.8371747608e+01,6.8960000000e-01,3.5826156421e+18
1.0330000000e+03,2.8344282218e+01,6.7800000000e-01,3.5257643569e+18
1.0340000000e+03,2.8316869953e+01,6.8181000000e-01,3.5490095915e+18
1.0350000000e+03,2.8289510658e+01,6.8400000000e-01,3.5638524828e+18
1.0360000000e+03,2.8262204181e+01,6.8431000000e-01,3.5689125754e+18
1.0370000000e+03,2.8234950368e+01,6.7731000000e-01,3.5358148196e+18
1.0380000000e+03,2.8207749067e+01,6.7400000000e-01,3.5219283601e+18
1.0390000000e+03,2.8180600127e+01,6.7900000000e-01,3.5514735902e+18
1.0400000000e+03,2.8153503396e+01,6.7440000000e-01,3.5308085417e+18
1.0410000000e+03,2.7927074066e+01,6.7490000000e-01,3.5368238076e+18
1.0420000000e+03,2.7702491395e+01,6.7516000000e-01,3.5415851757e+18
1.0430000000e+03,2.7479740072e+01,6.6860000000e-01,3.5105401816e+18
1.0440000000e+03,2.7258804915e+01,6.7199000000e-01,3.5317225359e+18
1.0450000000e+03,2.7039670870e+01,6.6846000000e-01,3.5165353110e+18
1.0460000000e+03,2.6822323009e+01,6.5131000000e-01,3.4295939028e+18
1.0470000000e+03,2.6606746532e+01,6.6155000000e-01,3.4868448466e+18
1.0480000000e+03,2.6392926763e+01,6.6781000000e-01,3.5232013874e+18
1.0490000000e+03,2.6180849152e+01,6.6491000000e-01,3.5112489348e+18
1.0500000000e+03,2.5970499270e+01,6.6117000000e-01,3.4948271935e+18
1.0510000000e+03,2.5683045170e+01,6.6182000000e-01,3.5015946571e+18
1.0520000000e+03,2.5398795746e+01,6.5848000000e-01,3.4872380614e+18
1.0530000000e+03,2.5117714975e+01,6.5698000000e-01,3.4826015394e+18
1.0540000000e+03,2.4839767241e+01,6.5474000000e-01,3.4740235054e+18
1.0550000000e+03,2.4564917334e+01,6.5753000000e-01,3.4921372133e+18
1.0560000000e+03,2.4293130445e+01,6.5629000000e-01,3.4888554224e+18
1.0570000000e+03,2.4024372157e+01,6.5540000000e-01,3.4874235183e+18
1.0580000000e+03,2.3758608445e+01,6.4937000000e-01,3.4586065234e+18
1.0590000000e+03,2.3495805668e+01,6.3046000000e-01,3.3610638699e+18
1.0600000000e+03,2.3235930570e+01,6.4831000000e-01,3.4594881986e+18
1.0610000000e+03,2.3029939752e+01,6.3387000000e-01,3.3856249723e+18
1.0620000000e+03,2.2825795358e+01,6.4651000000e-01,3.4563923176e+18
1.0630000000e+03,2.2623480621e+01,6.3669000000e-01,3.4070974931e+18
1.0640000000e+03,2.2422978929e+01,6.4621000000e-01,3.4612946410e+18
1.0650000000e+03,2.2224273825e+01,6.4533000000e-01,3.4598297634e+18
1.0660000000e+03,2.2027349000e+01,6.3139000000e-01,3.3882712563e+18
1.0670000000e+03,2.1832188300e+01,6.3517000000e-01,3.4117536482e+18
1.0680000000e+03,2.1638775715e+01,6.3591000000e-01,3.4189297310e+18
1.0690000000e+03,2.1447095387e+01,6.0084000000e-01,3.2334028017e+18
1.0700000000e+03,2.1257131600e+01,6.2165000000e-01,3.3485206637e+18
1.0710000000e+03,2.1153685118e+01,6.2821000000e-01,3.3870186171e+18
1.0720000000e+03,2.1050760404e+01,6.3131000000e-01,3.4069104756e+18
1.0730000000e+03,2.0948354706e+01,6.1796000000e-01,3.3379771093e+18
1.0740000000e+03,2.0846465288e+01,6.3063000000e-01,3.4095901359e+18
1.0750000000e+03,2.0745089429e+01,6.1768000000e-01,3.3426836055e+18
1.0760000000e+03,2.0644224422e+01,6.2468000000e-01,3.3837100447e+18
1.0770000000e+03,2.0543867576e+01,6.2426000000e-01,3.3845776243e+18
1.0780000000e+03,2.0444016216e+01,6.2531000000e-01,3.3934183385e+18
1.0790000000e+03,2.0344667681e+01,6.1203000000e-01,3.3244317615e+18
1.0800000000e+03,2.0245819323e+01,6.2250000000e-01,3.3844365684e+18
1.0810000000e+03,2.0215435597e+01,6.0726000000e-01,3.3046360546e+18
1.0820000000e+03,2.0185114742e+01,6.0249000000e-01,3.2817112918e+18
1.0830000000e+03,2.0154856581e+01,6.0900000000e-01,3.3202364798e+18
1.0840000000e+03,2.0124660937e+01,6.1392000000e-01,3.3501506100e+18
1.0850000000e+03,2.0094527631e+01,6.1181000000e-01,3.3417163000e+18
1.0860000000e+03,2.0064456489e+01,6.1570000000e-01,3.3660630497e+18
1.0870000000e+03,2.0034447335e+01,5.9145000000e-01,3.2364645011e+18
1.0880000000e+03,2.0004499995e+01,6.0728000000e-01,3.3261447203e+18
1.0890000000e+03,1.9974614293e+01,6.0908000000e-01,3.3390697139e+18
1.0900000000e+03,1.9944790058e+01,6.0442000000e-01,3.3165656020e+18
1.0910000000e+03,1.9891681572e+01,6.0799000000e-01,3.3392155523e+18
1.0920000000e+03,1.9838731170e+01,5.9692000000e-01,3.2814216288e+18
1.0930000000e+03,1.9785938310e+01,5.9221000000e-01,3.2585108105e+18
1.0940000000e+03,1.9733302456e+01,5.6065000000e-01,3.0876809342e+18
1.0950000000e+03,1.9680823071e+01,5.8252000000e-01,3.2110585733e+18
1.0960000000e+03,1.9628499623e+01,5.8600000000e-01,3.2331915702e+18
1.0970000000e+03,1.9576331578e+01,5.9100000000e-01,3.2637536919e+18
1.0980000000e+03,1.9524318408e+01,5.8700000000e-01,3.2446190148e+18
1.0990000000e+03,1.9472459586e+01,5.8216000000e-01,3.2207967698e+18
1.1000000000e+03,1.9420754586e+01,6.0000000000e-01,3.3225169346e+18
1.1010000000e+03,1.9470533032e+01,5.9900000000e-01,3.3199948422e+18
1.1020000000e+03,1.9520455171e+01,5.8202000000e-01,3.2288120902e+18
1.1030000000e+03,1.9570521425e+01,5.9500000000e-01,3.3038151915e+18
1.1040000000e+03,1.9620732217e+01,5.9300000000e-01,3.2956951615e+18
1.1050000000e+03,1.9671087971e+01,5.9100000000e-01,3.2875549950e+18
1.1060000000e+03,1.9721589112e+01,5.9000000000e-01,3.2849624250e+18
1.1070000000e+03,1.9772236068e+01,5.8600000000e-01,3.2656414856e+18
1.1080000000e+03,1.9823029266e+01,5.8650000000e-01,3.2713803785e+18
1.1090000000e+03,1.9873969137e+01,5.8550000000e-01,3.2687500526e+18
1.1100000000e+03,1.9925056109e+01,5.8700000000e-01,3.2800793319e+18
1.1110000000e+03,1.9973967777e+01,5.8250000000e-01,3.2578662926e+18
1.1120000000e+03,2.0023015734e+01,5.8342000000e-01,3.2659487681e+18
1.1130000000e+03,2.0072200365e+01,5.7800000000e-01,3.2385176655e+18
1.1140000000e+03,2.0121522057e+01,5.8400000000e-01,3.2750754200e+18
1.1150000000e+03,2.0170981197e+01,5.8200000000e-01,3.2667892642e+18
1.1160000000e+03,2.0220578173e+01,5.7500000000e-01,3.2303926014e+18
1.1170000000e+03,2.0270313375e+01,5.8300000000e-01,3.2782720841e+18
1.1180000000e+03,2.0320187193e+01,5.7222000000e-01,3.2205355998e+18
1.1190000000e+03,2.0370200020e+01,5.7151000000e-01,3.2194166667e+18
1.1200000000e+03,2.0420352248e+01,5.6850000000e-01,3.2053227009e+18
1.1210000000e+03,2.0636285011e+01,5.7200000000e-01,3.2279359525e+18
1.1220000000e+03,2.0854517727e+01,5.7500000000e-01,3.2477603036e+18
1.1230000000e+03,2.1075075036e+01,5.7400000000e-01,3.2450016077e+18
1.1240000000e+03,2.1297981848e+01,5.7250000000e-01,3.2394036700e+18
1.1250000000e+03,2.1523263336e+01,5.7012000000e-01,3.2288068547e+18
1.1260000000e+03,2.1750944946e+01,5.5300000000e-01,3.1346336360e+18
1.1270000000e+03,2.1981052400e+01,5.6179000000e-01,3.1872871225e+18
1.1280000000e+03,2.2213611695e+01,5.6829000000e-01,3.2270253815e+18
1.1290000000e+03,2.2448649107e+01,5.6837000000e-01,3.2303409010e+18
1.1300000000e+03,2.2686191198e+01,5.6401000000e-01,3.2084000563e+18
1.1310000000e+03,2.2889307921e+01,5.6800000000e-01,3.2339567559e+18
1.1320000000e+03,2.3094261268e+01,5.7000000000e-01,3.2482133740e+18
1.1330000000e+03,2.3301067973e+01,5.6186000000e-01,3.2046550763e+18
1.1340000000e+03,2.3509744925e+01,5.6346000000e-01,3.2166174462e+18
1.1350000000e+03,2.3720309167e+01,5.6250000000e-01,3.2139687961e+18
1.1360000000e+03,2.3932777899e+01,5.6481000000e-01,3.2300108140e+18
1.1370000000e+03,2.4147168477e+01,5.5197000000e-01,3.1593606629e+18
1.1380000000e+03,2.4363498419e+01,5.4400000000e-01,3.1164806117e+18
1.1390000000e+03,2.4581785402e+01,5.5300000000e-01,3.1708239000e+18
1.1400000000e+03,2.4802047265e+01,5.5573000000e-01,3.1892749441e+18
1.1410000000e+03,2.4824015522e+01,5.4303000000e-01,3.1191246807e+18
1.1420000000e+03,2.4846022322e+01,5.5531000000e-01,3.1924555996e+18
1.1430000000e+03,2.4868067700e+01,5.4960000000e-01,3.1623957821e+18
1.1440000000e+03,2.4890151690e+01,5.4501000000e-01,3.1387285878e+18
1.1450000000e+03,2.4912274327e+01,5.5001000000e-01,3.1702925490e+18
1.1460000000e+03,2.4934435645e+01,5.5407000000e-01,3.1964838997e+18
1.1470000000e+03,2.4956635681e+01,5.5408000000e-01,3.1993308940e+18
1.1480000000e+03,2.4978874468e+01,5.5032000000e-01,3.1803905338e+18
1.1490000000e+03,2.5001152043e+01,5.4788000000e-01,3.1690474610e+18
1.1500000000e+03,2.5023468441e+01,5.4623000000e-01,3.1622533166e+18
1.1510000000e+03,2.5720169887e+01,5.4531000000e-01,3.1596723754e+18
1.1520000000e+03,2.6436288794e+01,5.4170000000e-01,3.1414820482e+18
1.1530000000e+03,2.7172366859e+01,5.4308000000e-01,3.1522190134e+18
1.1540000000e+03,2.7928960901e+01,5.4651000000e-01,3.1748790823e+18
1.1550000000e+03,2.8706643290e+01,5.4731000000e-01,3.1822818011e+18
1.1560000000e+03,2.9506002375e+01,5.4022000000e-01,3.1437772026e+18
1.1570000000e+03,3.0327642939e+01,5.4370000000e-01,3.1667658987e+18
1.1580000000e+03,3.1172186649e+01,5.4334000000e-01,3.1674043253e+18
1.1590000000e+03,3.2040272535e+01,5.3548000000e-01,3.1242800692e+18
1.1600000000e+03,3.2932557472e+01,5.2928000000e-01,3.0907703716e+18
1.1610000000e+03,3.3681931786e+01,5.1899000000e-01,3.0332937987e+18
1.1620000000e+03,3.4448383531e+01,5.3336000000e-01,3.1199658313e+18
1.1630000000e+03,3.5232302421e+01,5.3708000000e-01,3.1444302282e+18
1.1640000000e+03,3.6034087071e+01,5.2684000000e-01,3.0871305039e+18
1.1650000000e+03,3.6854145207e+01,5.3482000000e-01,3.1365833494e+18
1.1660000000e+03,3.7692893870e+01,5.2227000000e-01,3.0656099576e+18
1.1670000000e+03,3.8550759631e+01,5.2984000000e-01,3.1127114679e+18
1.1680000000e+03,3.9428178811e+01,5.3415000000e-01,3.1407208898e+18
1.1690000000e+03,4.0325597700e+01,5.1640000000e-01,3.0389532029e+18
1.1700000000e+03,4.1243472786e+01,5.2875000000e-01,3.1142932881e+18
1.1710000000e+03,4.2111713095e+01,5.3074000000e-01,3.1286860287e+18
1.1720000000e+03,4.2998262593e+01,5.3063000000e-01,3.1307088374e+18
1.1730000000e+03,4.3903507983e+01,5.2686000000e-01,3.1111181701e+18
1.1740000000e+03,4.4827844146e+01,5.2760000000e-01,3.1181438838e+18
1.1750000000e+03,4.5771674318e+01,5.1852000000e-01,3.0670908941e+18
1.1760000000e+03,4.6735410262e+01,5.1036000000e-01,3.0213929961e+18
1.1770000000e+03,4.7719472452e+01,5.2296000000e-01,3.0986191634e+18
1.1780000000e+03,4.8724290257e+01,5.1703000000e-01,3.0660857823e+18
1.1790000000e+03,4.9750302127e+01,5.1504000000e-01,3.0568774770e+18
1.1800000000e+03,5.0797955789e+01,5.2199000000e-01,3.1007550384e+18
1.1810000000e+03,5.1721219455e+01,5.1843000000e-01,3.0822175585e+18
1.1820000000e+03,5.2661301391e+01,5.1743000000e-01,3.0788770698e+18
1.1830000000e+03,5.3618508581e+01,4.8821000000e-01,2.9074662565e+18
1.1840000000e+03,5.4593153621e+01,5.1098000000e-01,3.0456421343e+18
1.1850000000e+03,5.5585554824e+01,5.1605000000e-01,3.0784591878e+18
1.1860000000e+03,5.6596036326e+01,5.1519000000e-01,3.0759224461e+18
1.1870000000e+03,5.7624928187e+01,5.1455000000e-01,3.0746916550e+18
1.1880000000e+03,5.8672566507e+01,5.1012000000e-01,3.0507882096e+18
1.1890000000e+03,5.9739293531e+01,4.8402000000e-01,2.8971329771e+18
1.1900000000e+03,6.0825457764e+01,5.0583000000e-01,3.0302245482e+18
1.1910000000e+03,6.1709295683e+01,5.1354000000e-01,3.0789972845e+18
1.1920000000e+03,6.2606020543e+01,5.1175000000e-01,3.0708413109e+18
1.1930000000e+03,6.3515820808e+01,5.1064000000e-01,3.0667511919e+18
1.1940000000e+03,6.4438887705e+01,5.1127000000e-01,3.0731085763e+18
1.1950000000e+03,6.5375415266e+01,5.0592000000e-01,3.0434980034e+18
1.1960000000e+03,6.6325600369e+01,5.0561000000e-01,3.0441784145e+18
1.1970000000e+03,6.7289642778e+01,5.0286000000e-01,3.0301526610e+18
1.1980000000e+03,6.8267745187e+01,4.9217000000e-01,2.9682140990e+18
1.1990000000e+03,6.9260113261e+01,4.7434000000e-01,2.8630715403e+18
1.2000000000e+03,7.0266955685e+01,5.0005000000e-01,3.0207719875e+18
1.2010000000e+03,7.2022619688e+01,5.0579000000e-01,3.0579931883e+18
1.2020000000e+03,7.3822201239e+01,5.0705000000e-01,3.0681636643e+18
1.2030000000e+03,7.5666800114e+01,4.8836000000e-01,2.9575287838e+18
1.2040000000e+03,7.7557543662e+01,4.8696000000e-01,2.9515017381e+18
1.2050000000e+03,7.9495587487e+01,5.0195000000e-01,3.0448841473e+18
1.2060000000e+03,8.1482116164e+01,4.9869000000e-01,3.0276190908e+18
1.2070000000e+03,8.3518343967e+01,5.0143000000e-01,3.0467782840e+18
1.2080000000e+03,8.5605515605e+01,4.8962000000e-01,2.9774834178e+18
1.2090000000e+03,8.7744906998e+01,4.6636000000e-01,2.8383821183e+18
1.2100000000e+03,8.9937826050e+01,4.9225000000e-01,2.9984330953e+18
1.2110000000e+03,9.1346485095e+01,4.7909000000e-01,2.9206836316e+18
1.2120000000e+03,9.2777270649e+01,4.9064000000e-01,2.9935660107e+18
1.2130000000e+03,9.4230531146e+01,4.9190000000e-01,3.0037299927e+18
1.2140000000e+03,9.5706620519e+01,4.8932000000e-01,2.9904388175e+18
1.2150000000e+03,9.7205898289e+01,4.9044000000e-01,2.9997525372e+18
1.2160000000e+03,9.8728729650e+01,4.8878000000e-01,2.9920598030e+18
1.2170000000e+03,1.0027548556e+02,4.8764000000e-01,2.9875361458e+18
1.2180000000e+03,1.0184654284e+02,4.8599000000e-01,2.9798739184e+18
1.2190000000e+03,1.0344228424e+02,4.8234000000e-01,2.9599219021e+18
1.2200000000e+03,1.0506309858e+02,4.8433000000e-01,2.9745718861e+18
1.2210000000e+03,1.0605769863e+02,4.8343000000e-01,2.9714780691e+18
1.2220000000e+03,1.0706178606e+02,4.8133000000e-01,2.9609931622e+18
1.2230000000e+03,1.0807545193e+02,4.7600000000e-01,2.9306008916e+18
1.2240000000e+03,1.0909878818e+02,4.8224000000e-01,2.9714465052e+18
1.2250000000e+03,1.1013188762e+02,4.7925000000e-01,2.9554354471e+18
1.2260000000e+03,1.1117484398e+02,4.8026000000e-01,2.9640815927e+18
1.2270000000e+03,1.1222775187e+02,4.6841000000e-01,2.8933034743e+18
1.2280000000e+03,1.1329070682e+02,4.7443000000e-01,2.9328765136e+18
1.2290000000e+03,1.1436380529e+02,4.7725000000e-01,2.9527119901e+18
1.2300000000e+03,1.1544714467e+02,4.7502000000e-01,2.9413064439e+18
1.2310000000e+03,1.1624074729e+02,4.7425000000e-01,2.9389260618e+18
1.2320000000e+03,1.1703988250e+02,4.6896000000e-01,2.9085047444e+18
1.2330000000e+03,1.1784458927e+02,4.7118000000e-01,2.9246452296e+18
1.2340000000e+03,1.1865490684e+02,4.6946000000e-01,2.9163323929e+18
1.2350000000e+03,1.1947087474e+02,4.6644000000e-01,2.8999199647e+18
1.2360000000e+03,1.2029253276e+02,4.6863000000e-01,2.9158946262e+18
1.2370000000e+03,1.2111992101e+02,4.6790000000e-01,2.9137079066e+18
1.2380000000e+03,1.2195307983e+02,4.6748000000e-01,2.9134458305e+18
1.2390000000e+03,1.2279204991e+02,4.6235000000e-01,2.8838019820e+18
1.2400000000e+03,1.2363687217e+02,4.5968000000e-01,2.8694625527e+18
1.2410000000e+03,1.2422840269e+02,4.6439000000e-01,2.9012016005e+18
1.2420000000e+03,1.2482284438e+02,4.6169000000e-01,2.8866579874e+18
1.2430000000e+03,1.2542021183e+02,4.5655000000e-01,2.8568191172e+18
1.2440000000e+03,1.2602051967e+02,4.5535000000e-01,2.8516025139e+18
1.2450000000e+03,1.2662378264e+02,4.5600000000e-01,2.8579686577e+18
1.2460000000e+03,1.2723001552e+02,4.5875000000e-01,2.8775136153e+18
1.2470000000e+03,1.2783923318e+02,4.5775000000e-01,2.8735454729e+18
1.2480000000e+03,1.2845145058e+02,4.6076000000e-01,2.8947603980e+18
1.2490000000e+03,1.2906668273e+02,4.6013000000e-01,2.8931187222e+18
1.2500000000e+03,1.2968494474e+02,4.5860000000e-01,2.8858073223e+18
1.2510000000e+03,1.2987952353e+02,4.5638000000e-01,2.8741351190e+18
1.2520000000e+03,1.3007447738e+02,4.5195000000e-01,2.8485115663e+18
1.2530000000e+03,1.3026980696e+02,4.5371000000e-01,2.8618883719e+18
1.2540000000e+03,1.3046551297e+02,4.5358000000e-01,2.8633517393e+18
1.2550000000e+03,1.3066159608e+02,4.5304000000e-01,2.8622234930e+18
1.2560000000e+03,1.3085805698e+02,4.5192000000e-01,2.8574225568e+18
1.2570000000e+03,1.3105489634e+02,4.4880000000e-01,2.8399545750e+18
1.2580000000e+03,1.3125211487e+02,4.5116000000e-01,2.8571595745e+18
1.2590000000e+03,1.3144971324e+02,4.4797000000e-01,2.8392126972e+18
1.2600000000e+03,1.3164769215e+02,4.5018000000e-01,2.8554858314e+18
1.2610000000e+03,1.3183924047e+02,4.4925000000e-01,2.8518484305e+18
1.2620000000e+03,1.3203115053e+02,4.4252000000e-01,2.8113539465e+18
1.2630000000e+03,1.3222342296e+02,4.4825000000e-01,2.8500134950e+18
1.2640000000e+03,1.3241605840e+02,4.4198000000e-01,2.8123732544e+18
1.2650000000e+03,1.3260905749e+02,4.4267000000e-01,2.8189922619e+18
1.2660000000e+03,1.3280242087e+02,4.4615000000e-01,2.8433994210e+18
1.2670000000e+03,1.3299614919e+02,4.3912000000e-01,2.8008064655e+18
1.2680000000e+03,1.3319024307e+02,4.3594000000e-01,2.7827182805e+18
1.2690000000e+03,1.3338470318e+02,4.4042000000e-01,2.8135324101e+18
1.2700000000e+03,1.3357953015e+02,4.4212000000e-01,2.8266181934e+18
1.2710000000e+03,1.3327536151e+02,4.4290000000e-01,2.8338345995e+18
1.2720000000e+03,1.3297196778e+02,4.4130000000e-01,2.8258187757e+18
1.2730000000e+03,1.3266934671e+02,4.4084000000e-01,2.8250924533e+18
1.2740000000e+03,1.3236749604e+02,4.3807000000e-01,2.8095463966e+18
1.2750000000e+03,1.3206641351e+02,4.4072000000e-01,2.8287607134e+18
1.2760000000e+03,1.3176609687e+02,4.4192000000e-01,2.8386875885e+18
1.2770000000e+03,1.3146654390e+02,4.4188000000e-01,2.8406551227e+18
1.2780000000e+03,1.3116775235e+02,4.4074000000e-01,2.8355452930e+18
1.2790000000e+03,1.3086972001e+02,4.3795000000e-01,2.8198002376e+18
1.2800000000e+03,1.3057244466e+02,4.3543000000e-01,2.8057668826e+18
1.2810000000e+03,1.3037208294e+02,4.2267000000e-01,2.7256734335e+18
1.2820000000e+03,1.3017210800e+02,3.7589000000e-01,2.4258953662e+18
1.2830000000e+03,1.2997251888e+02,4.1159000000e-01,2.6583657848e+18
1.2840000000e+03,1.2977331462e+02,4.2667000000e-01,2.7579119664e+18
1.2850000000e+03,1.2957449426e+02,4.2909000000e-01,2.7757144652e+18
1.2860000000e+03,1.2937605687e+02,4.2878000000e-01,2.7758676534e+18
1.2870000000e+03,1.2917800148e+02,4.3036000000e-01,2.7882628565e+18
1.2880000000e+03,1.2898032715e+02,4.2684000000e-01,2.7676058626e+18
1.2890000000e+03,1.2878303294e+02,4.2755000000e-01,2.7743617981e+18
1.2900000000e+03,1.2858611791e+02,4.1851000000e-01,2.7178082808e+18
1.2910000000e+03,1.2848651596e+02,4.2159000000e-01,2.7399321660e+18
1.2920000000e+03,1.2838706820e+02,4.2278000000e-01,2.7497943527e+18
1.2930000000e+03,1.2828777425e+02,4.2261000000e-01,2.7508161274e+18
1.2940000000e+03,1.2818863378e+02,4.1615000000e-01,2.7108622068e+18
1.2950000000e+03,1.2808964642e+02,4.1944000000e-01,2.7344052598e+18
1.2960000000e+03,1.2799081181e+02,4.1979000000e-01,2.7388002449e+18
1.2970000000e+03,1.2789212961e+02,4.1718000000e-01,2.7238721763e+18
1.2980000000e+03,1.2779359947e+02,4.1263000000e-01,2.6962413200e+18
1.2990000000e+03,1.2769522102e+02,4.1701000000e-01,2.7269607578e+18
1.3000000000e+03,1.2759699393e+02,4.1537000000e-01,2.7183272983e+18
1.3010000000e+03,1.2740199688e+02,4.1404000000e-01,2.7117076363e+18
1.3020000000e+03,1.2720737298e+02,4.0955000000e-01,2.6843626172e+18
1.3030000000e+03,1.2701312132e+02,4.0768000000e-01,2.6741581609e+18
1.3040000000e+03,1.2681924099e+02,4.0632000000e-01,2.6672827658e+18
1.3050000000e+03,1.2662573107e+02,4.1028000000e-01,2.6953435357e+18
1.3060000000e+03,1.2643259067e+02,4.1039000000e-01,2.6981321342e+18
1.3070000000e+03,1.2623981888e+02,4.0958000000e-01,2.6948686171e+18
1.3080000000e+03,1.2604741479e+02,4.0873000000e-01,2.6913335598e+18
1.3090000000e+03,1.2585537751e+02,4.0907000000e-01,2.6956316381e+18
1.3100000000e+03,1.2566370614e+02,4.0714000000e-01,2.6849631873e+18
1.3110000000e+03,1.2566337846e+02,4.0611000000e-01,2.6802150589e+18
1.3120000000e+03,1.2566312389e+02,4.0315000000e-01,2.6627093716e+18
1.3130000000e+03,1.2566294233e+02,3.9084000000e-01,2.5833722986e+18
1.3140000000e+03,1.2566283365e+02,4.0271000000e-01,2.6638578550e+18
1.3150000000e+03,1.2566279776e+02,3.9162000000e-01,2.5924708602e+18
1.3160000000e+03,1.2566283454e+02,3.9421000000e-01,2.6116008052e+18
1.3170000000e+03,1.2566294387e+02,4.0116000000e-01,2.6596633283e+18
1.3180000000e+03,1.2566312566e+02,3.9547000000e-01,2.6239298601e+18
1.3190000000e+03,1.2566337979e+02,4.0093000000e-01,2.6621751008e+18
1.3200000000e+03,1.2566370614e+02,3.9875000000e-01,2.6497072553e+18
1.3210000000e+03,1.2556857843e+02,3.9545000000e-01,2.6297693850e+18
1.3220000000e+03,1.2547359464e+02,3.9538000000e-01,2.6312942692e+18
1.3230000000e+03,1.2537875443e+02,3.9502000000e-01,2.6308870092e+18
1.3240000000e+03,1.2528405748e+02,3.9516000000e-01,2.6338087097e+18
1.3250000000e+03,1.2518950348e+02,3.9369000000e-01,2.6259927907e+18
1.3260000000e+03,1.2509509209e+02,3.9229000000e-01,2.6186293381e+18
1.3270000000e+03,1.2500082299e+02,3.8877000000e-01,2.5970896118e+18
1.3280000000e+03,1.2490669587e+02,3.9062000000e-01,2.6114145429e+18
1.3290000000e+03,1.2481271039e+02,3.7950000000e-01,2.5389843785e+18
1.3300000000e+03,1.2471886625e+02,3.8548000000e-01,2.5809331684e+18
1.3310000000e+03,1.2481271389e+02,3.8765000000e-01,2.5974136075e+18
1.3320000000e+03,1.2490670266e+02,3.7850000000e-01,2.5380102769e+18
1.3330000000e+03,1.2500083266e+02,3.8699000000e-01,2.5968876430e+18
1.3340000000e+03,1.2509510400e+02,3.8684000000e-01,2.5978284691e+18
1.3350000000e+03,1.2518951678e+02,3.8563000000e-01,2.5916440065e+18
1.3360000000e+03,1.2528407112e+02,3.8231000000e-01,2.5712563882e+18
1.3370000000e+03,1.2537876711e+02,3.8285000000e-01,2.5768155128e+18
1.3380000000e+03,1.2547360488e+02,3.8094000000e-01,2.5658777367e+18
1.3390000000e+03,1.2556858452e+02,3.7570000000e-01,2.5324742589e+18
1.3400000000e+03,1.2566370614e+02,3.7439000000e-01,2.5255286883e+18
1.3410000000e+03,1.2603085563e+02,3.8168000000e-01,2.5766263810e+18
1.3420000000e+03,1.2639914810e+02,3.8020000000e-01,2.5685492417e+18
1.3430000000e+03,1.2676858721e+02,3.7977000000e-01,2.5675560608e+18
1.3440000000e+03,1.2713917659e+02,3.7986000000e-01,2.5700767940e+18
1.3450000000e+03,1.2751091993e+02,3.7953000000e-01,2.5697546609e+18
1.3460000000e+03,1.2788382091e+02,3.7554000000e-01,2.5446293348e+18
1.3470000000e+03,1.2825788321e+02,3.7760000000e-01,2.5604886142e+18
1.3480000000e+03,1.2863311055e+02,3.7664000000e-01,2.5558749471e+18
1.3490000000e+03,1.2900950664e+02,3.7550000000e-01,2.5500292302e+18
1.3500000000e+03,1.2938707521e+02,3.7081000000e-01,2.5200460320e+18
1.3510000000e+03,1.2956767617e+02,3.7167000000e-01,2.5277616714e+18
1.3520000000e+03,1.2974860031e+02,3.7533000000e-01,2.5545431212e+18
1.3530000000e+03,1.2992984816e+02,3.7401000000e-01,2.5474418453e+18
1.3540000000e+03,1.3011142027e+02,3.7294000000e-01,2.5420313279e+18
1.3550000000e+03,1.3029331720e+02,3.6827000000e-01,2.5120536168e+18
1.3560000000e+03,1.3047553948e+02,3.6876000000e-01,2.5172523993e+18
1.3570000000e+03,1.3065808767e+02,3.6439000000e-01,2.4892560158e+18
1.3580000000e+03,1.3084096232e+02,3.6997000000e-01,2.5292371206e+18
1.3590000000e+03,1.3102416397e+02,3.6903000000e-01,2.5246687102e+18
1.3600000000e+03,1.3120769318e+02,3.6464000000e-01,2.4964707607e+18
1.3610000000e+03,1.3165501907e+02,3.7027000000e-01,2.5368799667e+18
1.3620000000e+03,1.3210394134e+02,3.6936000000e-01,2.5325045643e+18
1.3630000000e+03,1.3255446581e+02,3.6185000000e-01,2.4828340940e+18
1.3640000000e+03,1.3300659835e+02,3.6683000000e-01,2.5188510334e+18
1.3650000000e+03,1.3346034480e+02,3.6629000000e-01,2.5169870510e+18
1.3660000000e+03,1.3391571106e+02,3.6592000000e-01,2.5162866544e+18
1.3670000000e+03,1.3437270305e+02,3.6242000000e-01,2.4940430076e+18
1.3680000000e+03,1.3483132669e+02,3.6557000000e-01,2.5175604872e+18
1.3690000000e+03,1.3529158794e+02,3.5886000000e-01,2.4731574648e+18
1.3700000000e+03,1.3575349277e+02,3.5912000000e-01,2.4767571602e+18
1.3710000000e+03,1.3654432717e+02,3.5949000000e-01,2.4811186684e+18
1.3720000000e+03,1.3733984166e+02,3.6313000000e-01,2.5080691639e+18
1.3730000000e+03,1.3814006424e+02,3.6294000000e-01,2.5085839526e+18
1.3740000000e+03,1.3894502310e+02,3.6291000000e-01,2.5102035286e+18
1.3750000000e+03,1.3975474658e+02,3.5749000000e-01,2.4745137061e+18
1.3760000000e+03,1.4056926320e+02,3.5350000000e-01,2.4486748443e+18
1.3770000000e+03,1.4138860164e+02,3.5790000000e-01,2.4809551100e+18
1.3780000000e+03,1.4221279078e+02,3.5652000000e-01,2.4731837429e+18
1.3790000000e+03,1.4304185965e+02,3.6035000000e-01,2.5015665452e+18
1.3800000000e+03,1.4387583747e+02,3.5682000000e-01,2.4788573936e+18
1.3810000000e+03,1.4516519056e+02,3.5784000000e-01,2.4877448244e+18
1.3820000000e+03,1.4646617507e+02,3.5274000000e-01,2.4540647722e+18
1.3830000000e+03,1.4777889650e+02,3.5376000000e-01,2.4629419334e+18
1.3840000000e+03,1.4910346132e+02,3.5594000000e-01,2.4799113363e+18
1.3850000000e+03,1.5043997696e+02,3.5242000000e-01,2.4571608546e+18
1.3860000000e+03,1.5178855183e+02,3.5493000000e-01,2.4764479647e+18
1.3870000000e+03,1.5314929532e+02,3.5136000000e-01,2.4533078425e+18
1.3880000000e+03,1.5452231783e+02,3.5277000000e-01,2.4649287985e+18
1.3890000000e+03,1.5590773076e+02,3.5406000000e-01,2.4757248642e+18
1.3900000000e+03,1.5730564654e+02,3.4736000000e-01,2.4306245160e+18
1.3910000000e+03,1.5923684951e+02,3.5242000000e-01,2.4678055948e+18
1.3920000000e+03,1.6119184470e+02,3.5179000000e-01,2.4651649993e+18
1.3930000000e+03,1.6317092611e+02,3.5008000000e-01,2.4549445345e+18
1.3940000000e+03,1.6517439142e+02,3.4760000000e-01,2.4393033329e+18
1.3950000000e+03,1.6720254196e+02,3.4754000000e-01,2.4406318363e+18
1.3960000000e+03,1.6925568282e+02,3.4943000000e-01,2.4556636077e+18
1.3970000000e+03,1.7133412287e+02,3.4932000000e-01,2.4566490863e+18
1.3980000000e+03,1.7343817478e+02,3.4952000000e-01,2.4598151429e+18
1.3990000000e+03,1.7556815513e+02,3.4886000000e-01,2.4569264661e+18
1.4000000000e+03,1.7772438440e+02,3.3896000000e-01,2.3889098124e+18
1.4010000000e+03,1.8769447401e+02,3.3929000000e-01,2.3929435997e+18
1.4020000000e+03,1.9822397270e+02,3.4411000000e-01,2.4286703726e+18
1.4030000000e+03,2.0934427373e+02,3.4014000000e-01,2.4023630862e+18
1.4040000000e+03,2.2108853238e+02,3.4106000000e-01,2.4105778583e+18
1.4050000000e+03,2.3349176491e+02,3.4012000000e-01,2.4056462364e+18
1.4060000000e+03,2.4659095300e+02,3.4164000000e-01,2.4181169513e+18
1.4070000000e+03,2.6042515413e+02,3.4085000000e-01,2.4142412353e+18
1.4080000000e+03,2.7503561803e+02,3.4007000000e-01,2.4104284457e+18
1.4090000000e+03,2.9046590986e+02,3.4118000000e-01,2.4200137057e+18
1.4100000000e+03,3.0676204010e+02,3.4046000000e-01,2.4166206105e+18
1.4110000000e+03,3.2383961030e+02,3.3767000000e-01,2.3985167695e+18
1.4120000000e+03,3.4186806763e+02,3.2920000000e-01,2.3400104177e+18
1.4130000000e+03,3.6090036725e+02,3.3290000000e-01,2.3679865137e+18
1.4140000000e+03,3.8099241389e+02,3.3704000000e-01,2.3991318882e+18
1.4150000000e+03,4.0220322618e+02,3.3707000000e-01,2.4010422851e+18
1.4160000000e+03,4.2459511016e+02,3.3503000000e-01,2.3881973843e+18
1.4170000000e+03,4.4823384238e+02,3.3748000000e-01,2.4073606551e+18
1.4180000000e+03,4.7318886324e+02,3.3773000000e-01,2.4108441631e+18
1.4190000000e+03,4.9953348114e+02,3.3391000000e-01,2.3852565037e+18
1.4200000000e+03,5.2734508796e+02,3.3270000000e-01,2.3782878265e+18
1.4210000000e+03,5.5650765734e+02,3.3594000000e-01,2.4031399511e+18
1.4220000000e+03,5.8728322899e+02,3.2875000000e-01,2.3533613983e+18
1.4230000000e+03,6.1976103486e+02,3.2884000000e-01,2.3556610834e+18
1.4240000000e+03,6.5403524408e+02,3.2772000000e-01,2.3492876905e+18
1.4250000000e+03,6.9020523620e+02,3.3256000000e-01,2.3856577731e+18
1.4260000000e+03,7.2837588951e+02,3.2306000000e-01,2.3191347418e+18
1.4270000000e+03,7.6865788536e+02,3.2745000000e-01,2.3522974377e+18
1.4280000000e+03,8.1116802928e+02,3.3036000000e-01,2.3748650299e+18
1.4290000000e+03,8.5602958993e+02,3.2347000000e-01,2.3269631454e+18
1.4300000000e+03,9.0337265675e+02,3.2277000000e-01,2.3235523804e+18
1.4310000000e+03,9.3849930120e+02,3.2421000000e-01,2.3355507442e+18
1.4320000000e+03,9.7499228241e+02,3.3114000000e-01,2.3871402198e+18
1.4330000000e+03,1.0129047652e+03,3.3067000000e-01,2.3854166893e+18
1.4340000000e+03,1.0522919838e+03,3.2509000000e-01,2.3467997294e+18
1.4350000000e+03,1.0932113221e+03,3.2731000000e-01,2.3644734555e+18
1.4360000000e+03,1.1357223980e+03,3.2662000000e-01,2.3611331681e+18
1.4370000000e+03,1.1798871497e+03,3.2786000000e-01,2.3717476029e+18
1.4380000000e+03,1.2257699263e+03,3.2601000000e-01,2.3600058281e+18
1.4390000000e+03,1.2734375820e+03,3.2856000000e-01,2.3801194394e+18
1.4400000000e+03,1.3229595730e+03,3.1269000000e-01,2.2667297897e+18
1.4410000000e+03,1.3656318023e+03,3.1695000000e-01,2.2992066376e+18
1.4420000000e+03,1.4096811087e+03,3.1584000000e-01,2.2927444932e+18
1.4430000000e+03,1.4551519527e+03,3.1780000000e-01,2.3085723598e+18
1.4440000000e+03,1.5020902312e+03,3.1911000000e-01,2.3196949383e+18
1.4450000000e+03,1.5505433233e+03,3.1929000000e-01,2.3226107489e+18
1.4460000000e+03,1.6005601387e+03,3.2135000000e-01,2.3392135171e+18
1.4470000000e+03,1.6521911671e+03,3.1760000000e-01,2.3135148554e+18
1.4480000000e+03,1.7054885288e+03,3.2096000000e-01,2.3396060775e+18
1.4490000000e+03,1.7605060281e+03,3.2026000000e-01,2.3361157231e+18
1.4500000000e+03,1.8196488754e+03,3.1774000000e-01,2.3193332873e+18
1.4510000000e+03,1.8807794758e+03,3.1367000000e-01,2.2912034998e+18
1.4520000000e+03,1.9439646651e+03,3.1355000000e-01,2.2919054066e+18
1.4530000000e+03,2.0092735274e+03,3.1539000000e-01,2.3069426652e+18
1.4540000000e+03,2.0767774706e+03,3.1282000000e-01,2.2897189891e+18
1.4550000000e+03,2.1465503047e+03,3.1210000000e-01,2.2860200210e+18
1.4560000000e+03,2.2186683227e+03,3.0956000000e-01,2.2689737975e+18
1.4570000000e+03,2.2932103837e+03,3.1241000000e-01,2.2914360760e+18
1.4580000000e+03,2.3702580000e+03,3.1612000000e-01,2.3202392270e+18
1.4590000000e+03,2.4498954259e+03,3.1746000000e-01,2.3316726118e+18
1.4600000000e+03,2.5322097498e+03,3.1367000000e-01,2.3054149619e+18
1.4610000000e+03,2.6013730745e+03,3.1308000000e-01,2.3026546551e+18
1.4620000000e+03,2.6724267387e+03,3.1018000000e-01,2.2828870889e+18
1.4630000000e+03,2.7454224404e+03,3.0823000000e-01,2.2700869917e+18
1.4640000000e+03,2.8204132929e+03,3.0820000000e-01,2.2714175590e+18
1.4650000000e+03,2.8974538624e+03,3.1158000000e-01,2.2978965088e+18
1.4660000000e+03,2.9766002089e+03,3.0696000000e-01,2.2653693700e+18
1.4670000000e+03,3.0579099260e+03,3.1322000000e-01,2.3131450492e+18
1.4680000000e+03,3.1414421838e+03,3.0750000000e-01,2.2724505598e+18
1.4690000000e+03,3.2272577716e+03,3.1201000000e-01,2.3073505293e+18
1.4700000000e+03,3.3154191423e+03,3.1010000000e-01,2.2947869350e+18
1.4710000000e+03,3.4059904582e+03,3.0414000000e-01,2.2522131091e+18
1.4720000000e+03,3.4774840884e+03,3.0581000000e-01,2.2661192520e+18
1.4730000000e+03,3.5504800482e+03,3.0552000000e-01,2.2655083116e+18
1.4740000000e+03,3.6250099388e+03,2.9705000000e-01,2.2041964971e+18
1.4750000000e+03,3.7011060269e+03,3.0349000000e-01,2.2535109547e+18
1.4760000000e+03,3.7788012584e+03,3.0369000000e-01,2.2565248299e+18
1.4770000000e+03,3.8581292730e+03,3.0250000000e-01,2.2492055265e+18
1.4780000000e+03,3.9391244188e+03,3.0228000000e-01,2.2490914534e+18
1.4790000000e+03,4.0218217669e+03,3.0461000000e-01,2.2679610843e+18
1.4800000000e+03,4.1062571271e+03,3.0626000000e-01,2.2817878392e+18
1.4810000000e+03,4.1924670632e+03,3.0179000000e-01,2.2500033836e+18
1.4820000000e+03,4.2292704446e+03,3.0462000000e-01,2.2726360166e+18
1.4830000000e+03,4.2663988454e+03,2.9813000000e-01,2.2257177985e+18
1.4840000000e+03,4.3038551501e+03,3.0172000000e-01,2.2540381777e+18
1.4850000000e+03,4.3416422691e+03,3.0607000000e-01,2.2880762059e+18
1.4860000000e+03,4.3797631388e+03,3.0168000000e-01,2.2567767371e+18
1.4870000000e+03,4.4182207214e+03,2.9989000000e-01,2.2448959703e+18
1.4880000000e+03,4.4570180060e+03,2.6525000000e-01,1.9869255363e+18
1.4890000000e+03,4.4961580080e+03,2.9910000000e-01,2.2419936511e+18
1.4900000000e+03,4.5356437697e+03,3.0093000000e-01,2.2572258810e+18
1.4910000000e+03,4.5754783608e+03,3.0175000000e-01,2.2648956093e+18
1.4920000000e+03,4.6156648781e+03,2.9773000000e-01,2.2362208283e+18
1.4930000000e+03,4.6562064460e+03,3.0200000000e-01,2.2698126827e+18
1.4940000000e+03,4.6407699922e+03,3.0190000000e-01,2.2705808889e+18
1.4950000000e+03,4.6253867862e+03,3.0074000000e-01,2.2633705237e+18
1.4960000000e+03,4.6100566351e+03,2.9140000000e-01,2.1945445854e+18
1.4970000000e+03,4.5947793466e+03,2.9684000000e-01,2.2370077614e+18
1.4980000000e+03,4.5795547290e+03,2.9946000000e-01,2.2582597879e+18
1.4990000000e+03,4.5643825916e+03,2.9528000000e-01,2.2282244362e+18
1.5000000000e+03,4.5492627444e+03,3.0077000000e-01,2.2711668600e+18
1.5010000000e+03,4.5341949979e+03,2.9990000000e-01,2.2661070695e+18
1.5020000000e+03,4.5191791636e+03,2.9743000000e-01,2.2489405306e+18
1.5030000000e+03,4.5042150537e+03,2.6920000000e-01,2.0368418225e+18
1.5040000000e+03,4.4893024808e+03,2.8319000000e-01,2.1441196520e+18
1.5050000000e+03,4.4685117390e+03,2.7149000000e-01,2.0569020219e+18
1.5060000000e+03,4.4478192464e+03,2.8367000000e-01,2.1506099372e+18
1.5070000000e+03,4.4272245273e+03,2.9376000000e-01,2.2285848789e+18
1.5080000000e+03,4.4067271083e+03,2.9028000000e-01,2.2036454627e+18
1.5090000000e+03,4.3863265182e+03,2.8805000000e-01,2.1881666114e+18
1.5100000000e+03,4.3660222884e+03,2.9394000000e-01,2.2343896180e+18
1.5110000000e+03,4.3458139525e+03,2.9446000000e-01,2.2398247523e+18
1.5120000000e+03,4.3257010464e+03,2.8845000000e-01,2.1955614769e+18
1.5130000000e+03,4.3056831085e+03,2.8729000000e-01,2.1881782906e+18
1.5140000000e+03,4.2857596793e+03,2.8500000000e-01,2.1721709577e+18
1.5150000000e+03,4.2659303016e+03,2.8807000000e-01,2.1970196088e+18
1.5160000000e+03,4.2465331907e+03,2.8720000000e-01,2.1918301897e+18
1.5170000000e+03,4.2272261174e+03,2.8526000000e-01,2.1784606837e+18
1.5180000000e+03,4.2080086532e+03,2.8970000000e-01,2.2138262587e+18
1.5190000000e+03,4.1888803717e+03,2.8495000000e-01,2.1789622327e+18
1.5200000000e+03,4.1698408485e+03,2.8786000000e-01,2.2026636086e+18
1.5210000000e+03,4.1508896614e+03,2.8083000000e-01,2.1502847836e+18
1.5220000000e+03,4.1320263902e+03,2.8031000000e-01,2.1477143133e+18
1.5230000000e+03,4.1132506167e+03,2.8448000000e-01,2.1810966478e+18
1.5240000000e+03,4.0945619249e+03,2.8460000000e-01,2.1834493925e+18
1.5250000000e+03,4.0759599008e+03,2.7846000000e-01,2.1377451516e+18
1.5260000000e+03,4.0574441322e+03,2.8596000000e-01,2.1967624158e+18
1.5270000000e+03,4.0390142093e+03,2.8297000000e-01,2.1752175547e+18
1.5280000000e+03,4.0121830598e+03,2.8490000000e-01,2.1914878698e+18
1.5290000000e+03,3.9855318565e+03,2.8290000000e-01,2.1775277612e+18
1.5300000000e+03,3.9590593791e+03,2.6731000000e-01,2.0588746405e+18
1.5310000000e+03,3.9327644158e+03,2.8272000000e-01,2.1789887625e+18
1.5320000000e+03,3.9066457630e+03,2.8263000000e-01,2.1797179039e+18
1.5330000000e+03,3.8807022253e+03,2.8041000000e-01,2.1640082887e+18
1.5340000000e+03,3.8549326157e+03,2.7543000000e-01,2.1269626780e+18
1.5350000000e+03,3.8293357552e+03,2.7754000000e-01,2.1446539732e+18
1.5360000000e+03,3.8039104730e+03,2.8058000000e-01,2.1695576471e+18
1.5370000000e+03,3.7786556063e+03,2.8096000000e-01,2.1739103457e+18
1.5380000000e+03,3.7535700002e+03,2.7338000000e-01,2.1166367988e+18
1.5390000000e+03,3.7250240783e+03,2.7808000000e-01,2.1544263009e+18
1.5400000000e+03,3.6966968092e+03,2.6857000000e-01,2.0820995373e+18
1.5410000000e+03,3.6685865041e+03,2.7297000000e-01,2.1175848739e+18
1.5420000000e+03,3.6406914876e+03,2.7536000000e-01,2.1375116693e+18
1.5430000000e+03,3.6130100974e+03,2.7499000000e-01,2.1360238361e+18
1.5440000000e+03,3.5855406840e+03,2.7716000000e-01,2.1542748747e+18
1.5450000000e+03,3.5582816109e+03,2.7768000000e-01,2.1597145397e+18
1.5460000000e+03,3.5312312542e+03,2.7722000000e-01,2.1575323508e+18
1.5470000000e+03,3.5043880028e+03,2.7354000000e-01,2.1302688844e+18
1.5480000000e+03,3.4777502581e+03,2.6698000000e-01,2.0805250670e+18
1.5490000000e+03,3.4513164339e+03,2.7267000000e-01,2.1262388224e+18
1.5500000000e+03,3.4250849565e+03,2.6961000000e-01,2.1037346601e+18
1.5510000000e+03,3.3990542643e+03,2.7075000000e-01,2.1139929311e+18
1.5520000000e+03,3.3732228079e+03,2.7400000000e-01,2.1407480021e+18
1.5530000000e+03,3.3475890501e+03,2.7090000000e-01,2.1178916027e+18
1.5540000000e+03,3.3221514655e+03,2.6495000000e-01,2.0727083928e+18
1.5550000000e+03,3.2969085407e+03,2.6712000000e-01,2.0910290532e+18
1.5560000000e+03,3.2718587740e+03,2.6292000000e-01,2.0594748079e+18
1.5570000000e+03,3.2470006755e+03,2.7013000000e-01,2.1173112194e+18
1.5580000000e+03,3.2223327667e+03,2.6805000000e-01,2.1023573258e+18
1.5590000000e+03,3.1978535808e+03,2.6780000000e-01,2.1017446738e+18
1.5600000000e+03,3.1735616624e+03,2.6546000000e-01,2.0847162711e+18
1.5610000000e+03,3.1494555673e+03,2.6968000000e-01,2.1192144678e+18
1.5620000000e+03,3.1255338626e+03,2.6833000000e-01,2.1099566268e+18
1.5630000000e+03,3.1017951267e+03,2.6688000000e-01,2.0998983612e+18
1.5640000000e+03,3.0718934375e+03,2.6307000000e-01,2.0712443710e+18
1.5650000000e+03,3.0422812480e+03,2.6682000000e-01,2.1021126677e+18
1.5660000000e+03,3.0129557419e+03,2.6262000000e-01,2.0703454792e+18
1.5670000000e+03,2.9839141304e+03,2.6352000000e-01,2.0787671535e+18
1.5680000000e+03,2.9551536518e+03,2.6042000000e-01,2.0556239101e+18
1.5690000000e+03,2.9266715716e+03,2.6275000000e-01,2.0753384670e+18
1.5700000000e+03,2.8984651822e+03,2.6068000000e-01,2.0603008057e+18
1.5710000000e+03,2.8705318020e+03,2.6668000000e-01,2.1090646820e+18
1.5720000000e+03,2.8428687762e+03,2.6694000000e-01,2.1124647243e+18
1.5730000000e+03,2.8154734754e+03,2.6344000000e-01,2.0860932026e+18
1.5740000000e+03,2.7883432964e+03,2.6221000000e-01,2.0776732399e+18
1.5750000000e+03,2.7614756610e+03,2.4738000000e-01,1.9614101165e+18
1.5760000000e+03,2.7348680166e+03,2.6031000000e-01,2.0652390727e+18
1.5770000000e+03,2.7085178352e+03,2.3690000000e-01,1.8807021528e+18
1.5780000000e+03,2.6824226139e+03,2.5723000000e-01,2.0433929198e+18
1.5790000000e+03,2.6565798739e+03,2.6167000000e-01,2.0799808286e+18
1.5800000000e+03,2.6309871608e+03,2.6381000000e-01,2.0983194609e+18
1.5810000000e+03,2.6056420441e+03,2.6483000000e-01,2.1077656282e+18
1.5820000000e+03,2.5805421173e+03,2.5412000000e-01,2.0238046688e+18
1.5830000000e+03,2.5556849970e+03,2.5771000000e-01,2.0536926719e+18
1.5840000000e+03,2.5310683235e+03,2.5449000000e-01,2.0293136032e+18
1.5850000000e+03,2.5066897598e+03,2.6198000000e-01,2.0903580055e+18
1.5860000000e+03,2.4825469921e+03,2.5817000000e-01,2.0612573885e+18
1.5870000000e+03,2.4586377289e+03,2.5492000000e-01,2.0365923317e+18
1.5880000000e+03,2.4424790358e+03,2.5048000000e-01,2.0023814823e+18
1.5890000000e+03,2.4264275033e+03,2.3152000000e-01,1.8519773830e+18
1.5900000000e+03,2.4104824132e+03,2.4154000000e-01,1.9333454200e+18
1.5910000000e+03,2.3946430523e+03,2.4132000000e-01,1.9327993190e+18
1.5920000000e+03,2.3789087122e+03,2.5286000000e-01,2.0264993307e+18
1.5930000000e+03,2.3632786893e+03,2.5751000000e-01,2.0650622242e+18
1.5940000000e+03,2.3477522847e+03,2.5643000000e-01,2.0576922272e+18
1.5950000000e+03,2.3323288043e+03,2.5765000000e-01,2.0687790131e+18
1.5960000000e+03,2.3170075587e+03,2.4452000000e-01,1.9645837242e+18
1.5970000000e+03,2.3017878631e+03,2.4854000000e-01,1.9981333927e+18
1.5980000000e+03,2.2866690376e+03,2.5629000000e-01,2.0617295887e+18
1.5990000000e+03,2.2716504066e+03,2.4977000000e-01,2.0105367008e+18
1.6000000000e+03,2.2567312992e+03,2.5259000000e-01,2.0345080061e+18
1.6010000000e+03,2.2419110491e+03,2.4494000000e-01,1.9741234758e+18
1.6020000000e+03,2.2271889944e+03,2.4857000000e-01,2.0046312290e+18
1.6030000000e+03,2.2125644778e+03,2.4901000000e-01,2.0094332225e+18
1.6040000000e+03,2.1980368463e+03,2.5002000000e-01,2.0188422380e+18
1.6050000000e+03,2.1836054516e+03,2.4703000000e-01,1.9959423942e+18
1.6060000000e+03,2.1692696495e+03,2.4748000000e-01,2.0008241280e+18
1.6070000000e+03,2.1550288003e+03,2.4544000000e-01,1.9855667275e+18
1.6080000000e+03,2.1408822687e+03,2.4999000000e-01,2.0236339116e+18
1.6090000000e+03,2.1268294235e+03,2.4858000000e-01,2.0134715404e+18
1.6100000000e+03,2.1128696379e+03,2.3312000000e-01,1.8894207393e+18
1.6110000000e+03,2.0990022893e+03,2.4078000000e-01,1.9527165999e+18
1.6120000000e+03,2.0852267595e+03,2.4125000000e-01,1.9577427625e+18
1.6130000000e+03,2.0715424342e+03,2.4581000000e-01,1.9959845801e+18
1.6140000000e+03,2.0636187837e+03,2.4350000000e-01,1.9784531181e+18
1.6150000000e+03,2.0557262304e+03,2.4434000000e-01,1.9865082080e+18
1.6160000000e+03,2.0478646482e+03,2.3248000000e-01,1.8912555741e+18
1.6170000000e+03,2.0400339118e+03,2.3644000000e-01,1.9246609648e+18
1.6180000000e+03,2.0322338962e+03,2.4415000000e-01,1.9886507280e+18
1.6190000000e+03,2.0244644770e+03,2.4224000000e-01,1.9743128593e+18
1.6200000000e+03,2.0167255305e+03,2.3407000000e-01,1.9089037772e+18
1.6210000000e+03,2.0090169332e+03,2.3386000000e-01,1.9083684493e+18
1.6220000000e+03,2.0013385624e+03,2.3702000000e-01,1.9353481929e+18
1.6230000000e+03,1.9936902958e+03,2.4166000000e-01,1.9744519016e+18
1.6240000000e+03,1.9860720117e+03,2.4240000000e-01,1.9817182461e+18
1.6250000000e+03,1.9784835886e+03,2.3746000000e-01,1.9425271452e+18
1.6260000000e+03,1.9709249059e+03,2.3958000000e-01,1.9610757504e+18
1.6270000000e+03,1.9633958434e+03,2.4037000000e-01,1.9687523251e+18
1.6280000000e+03,1.9558962813e+03,2.4149000000e-01,1.9791413825e+18
1.6290000000e+03,1.9484261003e+03,2.4111000000e-01,1.9772408525e+18
1.6300000000e+03,1.9409851817e+03,2.3655000000e-01,1.9410370467e+18
1.6310000000e+03,1.9335734072e+03,2.3932000000e-01,1.9649713512e+18
1.6320000000e+03,1.9261906592e+03,2.3884000000e-01,1.9622325904e+18
1.6330000000e+03,1.9188368204e+03,2.3585000000e-01,1.9388550089e+18
1.6340000000e+03,1.9115117739e+03,2.3276000000e-01,1.9146247487e+18
1.6350000000e+03,1.9042154036e+03,2.3735000000e-01,1.9535757725e+18
1.6360000000e+03,1.8969475936e+03,2.3676000000e-01,1.9499114894e+18
1.6370000000e+03,1.8897082287e+03,2.2747000000e-01,1.8745458813e+18
1.6380000000e+03,1.8824971941e+03,2.2708000000e-01,1.8724750975e+18
1.6390000000e+03,1.8753143753e+03,2.2205000000e-01,1.8321161319e+18
1.6400000000e+03,1.8681596586e+03,2.2571000000e-01,1.8634507388e+18
1.6410000000e+03,1.8610329306e+03,2.2393000000e-01,1.8498824354e+18
1.6420000000e+03,1.8539340783e+03,2.2402000000e-01,1.8517536669e+18
1.6430000000e+03,1.8468629894e+03,2.2879000000e-01,1.8923343349e+18
1.6440000000e+03,1.8398195519e+03,2.2572000000e-01,1.8680785014e+18
1.6450000000e+03,1.8328036543e+03,2.2512000000e-01,1.8642461292e+18
1.6460000000e+03,1.8258151856e+03,2.2899000000e-01,1.8974468327e+18
1.6470000000e+03,1.8188540352e+03,2.2910000000e-01,1.8995116260e+18
1.6480000000e+03,1.8119200930e+03,2.2898000000e-01,1.8996693952e+18
1.6490000000e+03,1.8050132494e+03,2.2354000000e-01,1.8556632625e+18
1.6500000000e+03,1.7981333952e+03,2.2840000000e-01,1.8971571696e+18
1.6510000000e+03,1.7884869101e+03,2.2369000000e-01,1.8591606143e+18
1.6520000000e+03,1.7788928284e+03,2.2802000000e-01,1.8962965371e+18
1.6530000000e+03,1.7693508611e+03,2.2533000000e-01,1.8750598646e+18
1.6540000000e+03,1.7598607209e+03,2.2654000000e-01,1.8862691810e+18
1.6550000000e+03,1.7504221221e+03,2.2390000000e-01,1.8654145476e+18
1.6560000000e+03,1.7410347807e+03,2.2607000000e-01,1.8846318849e+18
1.6570000000e+03,1.7316984141e+03,2.2564000000e-01,1.8821830892e+18
1.6580000000e+03,1.7224127415e+03,2.2532000000e-01,1.8806480864e+18
1.6590000000e+03,1.7131774835e+03,2.2221000000e-01,1.8558088995e+18
1.6600000000e+03,1.7039923623e+03,2.2412000000e-01,1.8728887005e+18
1.6610000000e+03,1.6948571018e+03,2.2543000000e-01,1.8849707313e+18
1.6620000000e+03,1.6857714273e+03,2.2421000000e-01,1.8758981961e+18
1.6630000000e+03,1.6767350657e+03,2.2265000000e-01,1.8639669874e+18
1.6640000000e+03,1.6677477454e+03,2.2252000000e-01,1.8639988534e+18
1.6650000000e+03,1.6588091964e+03,2.2137000000e-01,1.8554799703e+18
1.6660000000e+03,1.6499191500e+03,2.1853000000e-01,1.8327757522e+18
1.6670000000e+03,1.6410773392e+03,2.2016000000e-01,1.8475546096e+18
1.6680000000e+03,1.6322834985e+03,2.1617000000e-01,1.8151592640e+18
1.6690000000e+03,1.6235373639e+03,2.1809000000e-01,1.8323792148e+18
1.6700000000e+03,1.6148386727e+03,2.2208000000e-01,1.8670209342e+18
1.6710000000e+03,1.6061871638e+03,2.2096000000e-01,1.8587174610e+18
1.6720000000e+03,1.5975825775e+03,2.1210000000e-01,1.7852547993e+18
1.6730000000e+03,1.5890246558e+03,2.1606000000e-01,1.8196739604e+18
1.6740000000e+03,1.5805131417e+03,2.1907000000e-01,1.8461272361e+18
1.6750000000e+03,1.5720477801e+03,2.1621000000e-01,1.8231141246e+18
1.6760000000e+03,1.5636283169e+03,2.1319000000e-01,1.7987222693e+18
1.6770000000e+03,1.5552544998e+03,2.1548000000e-01,1.8191281615e+18
1.6780000000e+03,1.5469260777e+03,2.1585000000e-01,1.8233383945e+18
1.6790000000e+03,1.5386428009e+03,2.1295000000e-01,1.7999133916e+18
1.6800000000e+03,1.5304044212e+03,2.0641000000e-01,1.7456745612e+18
1.6810000000e+03,1.5228339910e+03,1.9848000000e-01,1.6796072181e+18
1.6820000000e+03,1.5153015456e+03,2.0341000000e-01,1.7223505930e+18
1.6830000000e+03,1.5078068911e+03,2.0893000000e-01,1.7701423310e+18
1.6840000000e+03,1.5003498347e+03,2.1198000000e-01,1.7970503385e+18
1.6850000000e+03,1.4929301846e+03,2.1306000000e-01,1.8072785559e+18
1.6860000000e+03,1.4855477500e+03,2.1026000000e-01,1.7845860672e+18
1.6870000000e+03,1.4782023411e+03,2.1123000000e-01,1.7938823186e+18
1.6880000000e+03,1.4708937689e+03,2.1081000000e-01,1.7913766878e+18
1.6890000000e+03,1.4636218457e+03,2.0805000000e-01,1.7689706907e+18
1.6900000000e+03,1.4563863845e+03,2.0845000000e-01,1.7734211015e+18
1.6910000000e+03,1.4491871994e+03,2.1203000000e-01,1.8049458973e+18
1.6920000000e+03,1.4420241055e+03,2.1211000000e-01,1.8066946990e+18
1.6930000000e+03,1.4348969189e+03,2.1122000000e-01,1.8001772297e+18
1.6940000000e+03,1.4278054564e+03,2.1068000000e-01,1.7966355273e+18
1.6950000000e+03,1.4207495360e+03,2.1055000000e-01,1.7965868474e+18
1.6960000000e+03,1.4137289766e+03,2.0962000000e-01,1.7897065693e+18
1.6970000000e+03,1.4067435979e+03,2.0850000000e-01,1.7811937775e+18
1.6980000000e+03,1.3997932208e+03,2.0879000000e-01,1.7847222904e+18
1.6990000000e+03,1.3928776670e+03,2.0804000000e-01,1.7793586406e+18
1.7000000000e+03,1.3859967589e+03,2.0539000000e-01,1.7577272431e+18
1.7020000000e+03,1.3726203242e+03,2.0520000000e-01,1.7581672249e+18
1.7050000000e+03,1.3528008416e+03,2.0428000000e-01,1.7533697118e+18
1.7100000000e+03,1.3204113529e+03,1.9894000000e-01,1.7125430264e+18
1.7150000000e+03,1.2888083697e+03,2.0189000000e-01,1.7430193164e+18
1.7200000000e+03,1.2579724710e+03,1.9799000000e-01,1.7143321514e+18
1.7250000000e+03,1.2278847252e+03,1.9688000000e-01,1.7096766004e+18
1.7300000000e+03,1.1985266771e+03,1.9309000000e-01,1.6816249927e+18
1.7350000000e+03,1.1790967632e+03,1.8200000000e-01,1.5896229885e+18
1.7400000000e+03,1.1599914710e+03,1.9001000000e-01,1.6643665309e+18
1.7450000000e+03,1.1412051715e+03,1.8624000000e-01,1.6360315023e+18
1.7500000000e+03,1.1227323378e+03,1.8518000000e-01,1.6313809855e+18
1.7550000000e+03,1.1045675430e+03,1.8509000000e-01,1.6352469353e+18
1.7600000000e+03,1.0867054588e+03,1.8243000000e-01,1.6163380383e+18
1.7650000000e+03,1.0734179463e+03,1.8143000000e-01,1.6120446920e+18
1.7700000000e+03,1.0603014136e+03,1.7969000000e-01,1.6011073187e+18
1.7750000000e+03,1.0473535150e+03,1.7600000000e-01,1.5726580157e+18
1.7800000000e+03,1.0345719392e+03,1.7553000000e-01,1.5728764964e+18
1.7850000000e+03,1.0219544094e+03,1.7411000000e-01,1.5645347135e+18
1.7900000000e+03,1.0094986825e+03,1.7371000000e-01,1.5653127362e+18
1.7950000000e+03,9.9720254841e+02,1.7102000000e-01,1.5453776346e+18
1.8000000000e+03,9.8506382983e+02,1.6800000000e-01,1.5223168500e+18
1.8050000000e+03,9.6926009574e+02,1.6884000000e-01,1.5341782355e+18
1.8100000000e+03,9.5371722487e+02,1.6859000000e-01,1.5361500989e+18
1.8150000000e+03,9.3843075772e+02,1.5500000000e-01,1.4162228434e+18
1.8200000000e+03,9.2339631436e+02,1.6000000000e-01,1.4659347445e+18
1.8250000000e+03,9.0860959296e+02,1.6257000000e-01,1.4935733030e+18
1.8300000000e+03,8.9406636830e+02,1.5921000000e-01,1.4667115087e+18
1.8350000000e+03,8.9436528861e+02,1.5760000000e-01,1.4558463749e+18
1.8400000000e+03,8.9467095135e+02,1.5552000000e-01,1.4405466878e+18
1.8450000000e+03,9.0206831769e+02,1.5288000000e-01,1.4199410419e+18
1.8500000000e+03,9.0953352717e+02,1.5337000000e-01,1.4283525472e+18
1.8550000000e+03,9.3282438469e+02,1.5126000000e-01,1.4125091756e+18
1.8600000000e+03,9.6747541504e+02,1.4933000000e-01,1.3982450063e+18
1.8650000000e+03,1.0300602168e+03,1.4710000000e-01,1.3810670903e+18
1.8700000000e+03,1.0967014354e+03,1.4565000000e-01,1.3711196760e+18
1.8750000000e+03,1.2247934941e+03,1.3231000000e-01,1.2488699307e+18
1.8800000000e+03,1.3678561204e+03,1.4667000000e-01,1.3881052887e+18
1.8850000000e+03,1.5276400549e+03,1.4573000000e-01,1.3828771069e+18
1.8900000000e+03,1.7061008993e+03,1.4041000000e-01,1.3359281807e+18
1.8950000000e+03,1.9862196891e+03,1.3842000000e-01,1.3204784770e+18
1.9000000000e+03,2.3123463096e+03,1.4041000000e-01,1.3429965838e+18
1.9050000000e+03,2.6920398151e+03,1.3904000000e-01,1.3333924962e+18
1.9100000000e+03,3.1265457482e+03,1.3654000000e-01,1.3128543074e+18
1.9150000000e+03,3.6312075512e+03,1.3611000000e-01,1.3121457555e+18
1.9200000000e+03,4.2173565434e+03,1.3463000000e-01,1.3012667779e+18
1.9250000000e+03,4.8326742445e+03,1.3447000000e-01,1.3031049856e+18
1.9300000000e+03,5.4271293500e+03,1.3145000000e-01,1.2771478220e+18
1.9350000000e+03,6.0947477887e+03,1.3243000000e-01,1.2900026904e+18
1.9400000000e+03,6.8445390251e+03,1.2950000000e-01,1.2647211053e+18
1.9450000000e+03,7.4627209570e+03,1.1950000000e-01,1.1700671285e+18
1.9500000000e+03,7.9780025529e+03,1.2627000000e-01,1.2395329030e+18
1.9550000000e+03,8.5289190857e+03,1.2833000000e-01,1.2629850902e+18
1.9600000000e+03,9.1179384943e+03,1.2610000000e-01,1.2442121144e+18
1.9650000000e+03,9.4431168426e+03,1.2291000000e-01,1.2158305203e+18
1.9700000000e+03,9.7026459453e+03,1.2375000000e-01,1.2272546927e+18
1.9750000000e+03,9.9693720149e+03,1.2150000000e-01,1.2079991968e+18
1.9800000000e+03,1.0243496046e+04,1.1968000000e-01,1.1929164802e+18
1.9850000000e+03,1.0258596845e+04,1.1902000000e-01,1.1893336994e+18
1.9900000000e+03,1.0273785091e+04,1.1977000000e-01,1.1998429212e+18
1.9950000000e+03,1.0289060778e+04,1.1684000000e-01,1.1734314286e+18
2.0000000000e+03,1.0304423904e+04,1.1673000000e-01,1.1752648539e+18
2.0050000000e+03,1.0160762789e+04,1.1501000000e-01,1.1608423616e+18
2.0100000000e+03,1.0019166861e+04,1.1512000000e-01,1.1648502735e+18
2.0150000000e+03,9.8796052865e+03,1.1399000000e-01,1.1562854793e+18
2.0200000000e+03,9.7420477139e+03,1.1192000000e-01,1.1381050190e+18
2.0250000000e+03,9.5540495851e+03,1.1176000000e-01,1.1392910569e+18
2.0300000000e+03,9.3697364926e+03,1.0969000000e-01,1.1209502600e+18
2.0350000000e+03,9.1890348447e+03,1.0915000000e-01,1.1181792305e+18
2.0400000000e+03,9.0118725526e+03,1.0720000000e-01,1.1009008839e+18
2.0450000000e+03,8.7228552238e+03,1.0756000000e-01,1.1073052870e+18
2.0500000000e+03,8.4154792137e+03,1.0592000000e-01,1.0930879350e+18
2.0550000000e+03,8.1189828194e+03,1.0471000000e-01,1.0832364206e+18
2.0600000000e+03,7.8329790352e+03,1.0320000000e-01,1.0702129093e+18
2.0650000000e+03,7.4781617434e+03,1.0182000000e-01,1.0584647915e+18
2.0700000000e+03,7.0896579648e+03,1.0095000000e-01,1.0519617197e+18
2.0750000000e+03,6.7213768627e+03,1.0095000000e-01,1.0545026900e+18
2.0800000000e+03,6.3722635801e+03,9.9330000000e-02,1.0400807012e+18
2.0850000000e+03,6.0003105721e+03,9.8300000000e-02,1.0317698782e+18
2.0900000000e+03,5.5926704777e+03,9.7540000000e-02,1.0262479557e+18
2.0950000000e+03,5.2127538586e+03,9.5990000000e-02,1.0123560593e+18
2.1000000000e+03,4.8586730929e+03,9.6240000000e-02,1.0174150948e+18
2.1050000000e+03,4.5286692390e+03,9.5750000000e-02,1.0146450721e+18
2.1100000000e+03,4.1980946264e+03,9.4630000000e-02,1.0051585312e+18
2.1150000000e+03,3.8916724819e+03,9.3850000000e-02,9.9923564131e+17
2.1200000000e+03,3.6076364870e+03,9.3140000000e-02,9.9402054825e+17
2.1250000000e+03,3.3443496284e+03,9.2180000000e-02,9.8609533854e+17
2.1300000000e+03,3.1002947220e+03,9.2380000000e-02,9.9056009653e+17
2.1350000000e+03,2.8935633574e+03,9.1120000000e-02,9.7934307799e+17
2.1400000000e+03,2.7006318997e+03,9.1050000000e-02,9.8088251084e+17
2.1450000000e+03,2.5205781148e+03,8.9940000000e-02,9.7118831256e+17
2.1500000000e+03,2.3525414755e+03,8.9710000000e-02,9.7096278414e+17
2.1550000000e+03,2.2223147782e+03,8.8880000000e-02,9.6421656453e+17
2.1600000000e+03,2.0993081786e+03,8.7890000000e-02,9.5568877106e+17
2.1650000000e+03,1.9831207023e+03,8.2000000000e-02,8.9370671424e+17
2.1700000000e+03,1.8733736838e+03,8.5370000000e-02,9.3258469308e+17
2.1750000000e+03,1.7876330709e+03,8.5760000000e-02,9.3900369511e+17
2.1800000000e+03,1.7058256513e+03,8.4640000000e-02,9.2887102528e+17
2.1850000000e+03,1.6277705460e+03,8.4680000000e-02,9.3144144520e+17
2.1900000000e+03,1.5532952170e+03,8.3140000000e-02,9.1659482862e+17
2.1950000000e+03,1.5002653663e+03,8.3470000000e-02,9.2233397321e+17
2.2000000000e+03,1.4490534856e+03,8.2790000000e-02,9.1690392338e+17
2.2050000000e+03,1.3995969628e+03,8.0900000000e-02,8.9800836684e+17
2.2100000000e+03,1.3518353532e+03,8.0810000000e-02,8.9904338121e+17
2.2150000000e+03,1.3057103045e+03,8.0410000000e-02,8.9661718873e+17
2.2200000000e+03,1.2611654833e+03,7.9990000000e-02,8.9394734501e+17
2.2250000000e+03,1.2304500715e+03,7.8840000000e-02,8.8307969416e+17
2.2300000000e+03,1.2004887892e+03,7.8400000000e-02,8.8012466774e+17
2.2350000000e+03,1.1712629480e+03,7.7930000000e-02,8.7680995368e+17
2.2400000000e+03,1.1427543277e+03,7.6510000000e-02,8.6275897923e+17
2.2450000000e+03,1.1340519762e+03,7.6250000000e-02,8.6174636668e+17
2.2500000000e+03,1.1365584089e+03,7.5370000000e-02,8.5369807282e+17
2.2550000000e+03,1.1459569324e+03,7.4340000000e-02,8.4390268880e+17
2.2600000000e+03,1.1554388556e+03,7.4090000000e-02,8.4292959407e+17
2.2650000000e+03,1.1784043609e+03,7.3280000000e-02,8.3555864059e+17
2.2700000000e+03,1.2018321852e+03,7.3100000000e-02,8.3534620087e+17
2.2750000000e+03,1.2469419477e+03,7.2630000000e-02,8.3180344133e+17
2.2800000000e+03,1.2937511166e+03,7.1390000000e-02,8.1939912641e+17
2.2850000000e+03,1.3423239184e+03,7.1380000000e-02,8.2108102475e+17
2.2900000000e+03,1.3927270139e+03,7.1190000000e-02,8.2068735684e+17
2.2950000000e+03,1.4654099036e+03,6.9300000000e-02,8.0064351831e+17
2.3000000000e+03,1.5418932475e+03,6.9640000000e-02,8.0632451886e+17
2.3050000000e+03,1.6223761122e+03,6.9400000000e-02,8.0529252496e+17
2.3100000000e+03,1.7070680081e+03,6.8900000000e-02,8.0122495877e+17
2.3150000000e+03,1.7936558939e+03,6.8150000000e-02,7.9421872704e+17
2.3200000000e+03,1.8846445824e+03,6.7630000000e-02,7.8986094403e+17
2.3250000000e+03,1.9802581488e+03,6.5560000000e-02,7.6733528604e+17
2.3300000000e+03,2.0807320957e+03,6.6220000000e-02,7.7672693391e+17
2.3350000000e+03,2.1685601349e+03,6.5720000000e-02,7.7251639881e+17
2.3400000000e+03,2.2601057732e+03,6.5220000000e-02,7.6828069313e+17
2.3450000000e+03,2.3555267598e+03,6.5100000000e-02,7.6850571814e+17
2.3500000000e+03,2.4549875528e+03,6.4340000000e-02,7.6115339090e+17
2.3550000000e+03,2.5256809241e+03,6.2600000000e-02,7.4214456674e+17
2.3600000000e+03,2.5984216818e+03,6.3070000000e-02,7.4930408732e+17
2.3650000000e+03,2.6732694058e+03,6.3010000000e-02,7.5017725484e+17
2.3700000000e+03,2.7502854167e+03,6.2390000000e-02,7.4436612238e+17
2.3750000000e+03,2.7981909026e+03,6.1410000000e-02,7.3421960873e+17
2.3800000000e+03,2.8469434419e+03,6.1810000000e-02,7.4055781319e+17
2.3850000000e+03,2.8965581748e+03,5.9130000000e-02,7.0993654064e+17
2.3900000000e+03,2.9470505144e+03,6.0360000000e-02,7.2622366968e+17
2.3950000000e+03,2.9858963729e+03,6.0070000000e-02,7.2424652040e+17
2.4000000000e+03,3.0252674545e+03,5.9740000000e-02,7.2177149699e+17
2.4050000000e+03,3.0651709744e+03,5.9440000000e-02,7.1964307250e+17
2.4100000000e+03,3.1056142481e+03,5.9150000000e-02,7.1762086788e+17
2.4150000000e+03,3.1378702641e+03,5.6980000000e-02,6.9272816827e+17
2.4200000000e+03,3.1704748930e+03,5.7820000000e-02,7.0439574024e+17
2.4250000000e+03,3.2034319813e+03,5.7330000000e-02,6.9986931433e+17
2.4300000000e+03,3.2367454187e+03,5.7190000000e-02,6.9959973739e+17
2.4350000000e+03,3.2766427052e+03,5.6470000000e-02,6.9221342986e+17
2.4400000000e+03,3.3170457659e+03,5.6270000000e-02,6.9117816378e+17
2.4450000000e+03,3.3579611223e+03,5.5560000000e-02,6.8385553782e+17
2.4500000000e+03,3.3993953808e+03,5.4590000000e-02,6.7329043738e+17
2.4550000000e+03,3.4413552343e+03,5.4160000000e-02,6.6935023435e+17
2.4600000000e+03,3.4838474630e+03,5.4510000000e-02,6.7504784748e+17
2.4650000000e+03,3.5200889690e+03,5.4300000000e-02,6.7381398551e+17
2.4700000000e+03,3.5567221192e+03,5.3400000000e-02,6.6398990703e+17
2.4750000000e+03,3.5937512326e+03,5.3370000000e-02,6.6496023299e+17
2.4800000000e+03,3.6311806765e+03,5.2100000000e-02,6.5044813346e+17
2.4850000000e+03,3.6690148673e+03,5.1770000000e-02,6.4763129353e+17
2.4900000000e+03,3.7072582707e+03,5.2220000000e-02,6.5457510222e+17
2.4950000000e+03,3.7459154025e+03,4.8890000000e-02,6.1406430767e+17
2.5000000000e+03,3.7849908290e+03,5.1380000000e-02,6.4663227310e+17
2.5050000000e+03,3.7967266782e+03,5.0820000000e-02,6.4086367893e+17
2.5100000000e+03,3.8085140892e+03,4.9600000000e-02,6.2672737619e+17
2.5150000000e+03,3.8203532556e+03,4.8760000000e-02,6.1734076244e+17
2.5200000000e+03,3.8322443719e+03,4.8140000000e-02,6.1070277633e+17
2.5250000000e+03,3.8214972946e+03,4.7650000000e-02,6.0568602747e+17
2.5300000000e+03,3.8107952990e+03,4.7700000000e-02,6.0752222149e+17
2.5350000000e+03,3.8001381163e+03,4.7120000000e-02,6.0132119670e+17
2.5400000000e+03,3.7895254796e+03,4.6770000000e-02,5.9803190493e+17
2.5450000000e+03,3.7789571243e+03,4.6610000000e-02,5.9715924083e+17
2.5500000000e+03,3.7684327878e+03,4.6260000000e-02,5.9383949266e+17
2.5550000000e+03,3.7323126242e+03,4.5930000000e-02,5.9075936844e+17
2.5600000000e+03,3.6965528263e+03,4.5400000000e-02,5.8508516395e+17
2.5650000000e+03,3.6611496141e+03,4.5160000000e-02,5.8312890625e+17
2.5700000000e+03,3.6407767430e+03,4.4850000000e-02,5.8025492910e+17
2.5750000000e+03,3.6205309429e+03,4.4480000000e-02,5.7658757518e+17
2.5800000000e+03,3.6004113016e+03,4.4100000000e-02,5.7277171482e+17
2.5850000000e+03,3.6043685073e+03,4.3270000000e-02,5.6308078872e+17
2.5900000000e+03,3.6083435621e+03,4.3410000000e-02,5.6599529051e+17
2.5950000000e+03,3.6269656828e+03,4.3040000000e-02,5.6225443849e+17
2.6000000000e+03,3.6456974440e+03,4.2910000000e-02,5.6163624897e+17
2.6050000000e+03,3.6993933038e+03,4.2800000000e-02,5.6127379258e+17
2.6100000000e+03,3.7538938556e+03,4.2500000000e-02,5.5840938025e+17
2.6150000000e+03,3.8092113051e+03,4.2280000000e-02,5.5658300276e+17
2.6200000000e+03,3.8653580451e+03,4.1900000000e-02,5.5263524855e+17
2.6250000000e+03,4.0478480297e+03,4.0580000000e-02,5.3624668207e+17
2.6300000000e+03,4.2389690497e+03,4.1160000000e-02,5.4494714573e+17
2.6350000000e+03,4.4391299816e+03,4.0960000000e-02,5.4333018749e+17
2.6400000000e+03,4.6487591008e+03,4.0220000000e-02,5.3452652443e+17
2.6450000000e+03,4.8683050024e+03,4.0180000000e-02,5.3500627574e+17
2.6500000000e+03,5.0982375674e+03,3.9960000000e-02,5.3308273980e+17
2.6550000000e+03,5.3390489734e+03,3.9590000000e-02,5.2914329188e+17
2.6600000000e+03,5.5912547543e+03,3.9480000000e-02,5.2866681275e+17
2.6650000000e+03,5.8553949105e+03,3.8950000000e-02,5.2255010941e+17
2.6700000000e+03,6.1320350711e+03,3.9100000000e-02,5.2554666730e+17
2.6750000000e+03,6.4217677121e+03,3.8610000000e-02,5.1993236880e+17
2.6800000000e+03,7.0432433124e+03,3.8430000000e-02,5.1847574717e+17
2.6850000000e+03,7.7248899761e+03,3.8160000000e-02,5.1579356986e+17
2.6900000000e+03,8.4725359373e+03,3.7790000000e-02,5.1174362309e+17
2.6950000000e+03,9.2925741904e+03,3.7460000000e-02,5.0821772784e+17
2.7000000000e+03,1.0192017237e+04,3.7120000000e-02,5.0453929887e+17
2.7050000000e+03,1.1178557144e+04,3.6930000000e-02,5.0288634669e+17
2.7100000000e+03,1.2260631419e+04,3.6680000000e-02,5.0040528234e+17
2.7150000000e+03,1.3447495288e+04,3.6560000000e-02,4.9968842414e+17
2.7200000000e+03,1.4749300966e+04,3.6380000000e-02,4.9814395718e+17
2.7250000000e+03,1.6177184629e+04,3.6130000000e-02,4.9563017107e+17
2.7300000000e+03,1.8331574622e+04,3.6010000000e-02,4.9489040764e+17
2.7350000000e+03,2.0772944308e+04,3.5740000000e-02,4.9207935695e+17
2.7400000000e+03,2.3539530362e+04,3.5530000000e-02,4.9008232291e+17
2.7450000000e+03,2.6674665210e+04,3.5380000000e-02,4.8890383622e+17
2.7500000000e+03,3.0227456279e+04,3.5180000000e-02,4.8702560733e+17
2.7550000000e+03,3.4253555814e+04,3.4860000000e-02,4.8347303127e+17
2.7600000000e+03,3.8816033335e+04,3.4550000000e-02,4.8004328765e+17
2.7650000000e+03,4.3986364417e+04,3.4400000000e-02,4.7882503144e+17
2.7700000000e+03,4.9845551316e+04,3.4260000000e-02,4.7773866908e+17
2.7750000000e+03,5.6485393014e+04,3.3930000000e-02,4.7399102100e+17
2.7800000000e+03,6.3651489523e+04,3.3640000000e-02,4.7078655410e+17
2.7850000000e+03,7.1125326887e+04,3.3420000000e-02,4.6854888929e+17
2.7900000000e+03,7.9476984252e+04,3.3200000000e-02,4.6630014942e+17
2.7950000000e+03,8.8809592718e+04,3.2930000000e-02,4.6333681670e+17
2.8000000000e+03,9.9238403085e+04,3.2760000000e-02,4.6176944451e+17
2.8050000000e+03,1.1089221051e+05,3.2530000000e-02,4.5934627250e+17
2.8100000000e+03,1.2391494666e+05,3.2420000000e-02,4.5860902613e+17
2.8150000000e+03,1.3846745908e+05,3.2260000000e-02,4.5715769032e+17
2.8200000000e+03,1.5420292686e+05,3.2060000000e-02,4.5513045158e+17
2.8250000000e+03,1.7133728203e+05,3.1840000000e-02,4.5280871702e+17
2.8300000000e+03,1.9037612823e+05,3.1700000000e-02,4.5161563139e+17
2.8350000000e+03,2.1088960693e+05,3.1450000000e-02,4.4884560875e+17
2.8400000000e+03,2.3255211175e+05,3.1180000000e-02,4.4577706300e+17
2.8450000000e+03,2.5644057617e+05,3.0950000000e-02,4.4326780759e+17
2.8500000000e+03,2.8258381252e+05,3.0680000000e-02,4.4017308443e+17
2.8550000000e+03,3.1051322848e+05,3.0430000000e-02,4.3735221721e+17
2.8600000000e+03,3.4120411898e+05,3.0160000000e-02,4.3423081324e+17
2.8650000000e+03,3.7492961959e+05,2.9960000000e-02,4.3210540922e+17
2.8700000000e+03,4.1334040862e+05,2.9600000000e-02,4.2765827065e+17
2.8750000000e+03,4.5568768918e+05,2.9400000000e-02,4.2550870287e+17
2.8800000000e+03,5.0237502503e+05,2.9400000000e-02,4.2624871801e+17
2.8850000000e+03,5.5448633103e+05,2.9220000000e-02,4.2437451641e+17
2.8900000000e+03,6.1247559170e+05,2.9070000000e-02,4.2292771131e+17
2.8950000000e+03,6.7653150726e+05,2.8960000000e-02,4.2205630573e+17
2.9000000000e+03,7.4469796797e+05,2.8810000000e-02,4.2059540510e+17
2.9050000000e+03,8.0842553051e+05,2.8670000000e-02,4.1927319439e+17
2.9100000000e+03,8.7760918197e+05,2.8500000000e-02,4.1750445753e+17
2.9150000000e+03,9.5271626270e+05,2.8220000000e-02,4.1411297320e+17
2.9200000000e+03,1.0116481946e+06,2.8040000000e-02,4.1217735538e+17
2.9250000000e+03,1.0742286140e+06,2.7780000000e-02,4.0905469287e+17
2.9300000000e+03,1.1406835827e+06,2.7570000000e-02,4.0665643974e+17
2.9350000000e+03,1.1988780763e+06,2.7330000000e-02,4.0380436100e+17
2.9400000000e+03,1.2407841533e+06,2.7140000000e-02,4.0168021551e+17
2.9450000000e+03,1.2841587468e+06,2.6840000000e-02,3.9791570314e+17
2.9500000000e+03,1.3290534345e+06,2.6680000000e-02,3.9621517857e+17
2.9550000000e+03,1.3689507376e+06,2.6560000000e-02,3.9510163198e+17
2.9600000000e+03,1.4100497684e+06,2.6380000000e-02,3.9308798535e+17
2.9650000000e+03,1.4523868302e+06,2.6260000000e-02,3.9196084665e+17
2.9700000000e+03,1.4957761287e+06,2.6120000000e-02,3.9052864049e+17
2.9750000000e+03,1.5403128009e+06,2.6010000000e-02,3.8953868147e+17
2.9800000000e+03,1.5861800310e+06,2.5800000000e-02,3.8704301818e+17
2.9850000000e+03,1.6334176879e+06,2.5690000000e-02,3.8603946704e+17
2.9900000000e+03,1.6865269522e+06,2.5540000000e-02,3.8442829803e+17
2.9950000000e+03,1.7413678911e+06,2.5400000000e-02,3.8296034964e+17
3.0000000000e+03,1.7979971086e+06,2.5250000000e-02,3.8133432999e+17
3.0050000000e+03,1.8558701563e+06,2.5120000000e-02,3.8000330957e+17
3.0100000000e+03,1.9146782040e+06,2.4980000000e-02,3.7851421789e+17
3.0150000000e+03,1.9753551875e+06,2.4860000000e-02,3.7732163568e+17
3.0200000000e+03,2.0379606558e+06,2.4660000000e-02,3.7490676996e+17
3.0250000000e+03,2.0989266727e+06,2.4540000000e-02,3.7370009222e+17
3.0300000000e+03,2.1607889226e+06,2.4420000000e-02,3.7248737354e+17
3.0350000000e+03,2.2244805131e+06,2.4210000000e-02,3.6989354497e+17
3.0400000000e+03,2.2900556975e+06,2.3930000000e-02,3.6621788476e+17
3.0450000000e+03,2.3504114997e+06,2.4020000000e-02,3.6819981645e+17
3.0500000000e+03,2.4123645199e+06,2.3950000000e-02,3.6772962997e+17
3.0550000000e+03,2.4759571749e+06,2.3860000000e-02,3.6694833508e+17
3.0600000000e+03,2.5188410615e+06,2.3760000000e-02,3.6600846551e+17
3.0650000000e+03,2.5286805843e+06,2.3540000000e-02,3.6321201376e+17
3.0700000000e+03,2.5385652995e+06,2.3440000000e-02,3.6225905549e+17
3.0750000000e+03,2.5484954145e+06,2.3350000000e-02,3.6145586220e+17
3.0800000000e+03,2.5289204383e+06,2.3150000000e-02,3.5894257950e+17
3.0850000000e+03,2.4901416381e+06,2.2950000000e-02,3.5641922857e+17
3.0900000000e+03,2.4519639180e+06,2.2800000000e-02,3.5466358042e+17
3.0950000000e+03,2.4143778429e+06,2.2630000000e-02,3.5258876927e+17
3.1000000000e+03,2.3559886530e+06,2.2430000000e-02,3.5003722729e+17
3.1050000000e+03,2.2938298364e+06,2.2280000000e-02,3.4825716367e+17
3.1100000000e+03,2.2333167673e+06,2.2110000000e-02,3.4615642683e+17
3.1150000000e+03,2.1744057018e+06,2.1770000000e-02,3.4138131556e+17
3.1200000000e+03,2.1208854706e+06,2.1740000000e-02,3.4145808584e+17
3.1250000000e+03,2.0686878847e+06,2.1580000000e-02,3.3948823602e+17
3.1300000000e+03,2.0177801107e+06,2.1450000000e-02,3.3798303517e+17
3.1350000000e+03,1.9681301345e+06,2.1360000000e-02,3.3710256818e+17
3.1400000000e+03,1.9096767588e+06,2.1180000000e-02,3.3479492915e+17
3.1450000000e+03,1.8529641441e+06,2.1070000000e-02,3.3358648947e+17
3.1500000000e+03,1.7979402963e+06,2.0880000000e-02,3.3110391488e+17
3.1550000000e+03,1.7445547794e+06,2.0830000000e-02,3.3083534476e+17
3.1600000000e+03,1.6721071319e+06,2.0730000000e-02,3.2976886717e+17
3.1650000000e+03,1.6026720935e+06,2.0660000000e-02,3.2917534482e+17
3.1700000000e+03,1.5361242116e+06,2.0520000000e-02,3.2746122813e+17
3.1750000000e+03,1.4723432657e+06,2.0470000000e-02,3.2717856249e+17
3.1800000000e+03,1.3930614128e+06,2.0320000000e-02,3.2529253071e+17
3.1850000000e+03,1.3180519399e+06,2.0240000000e-02,3.2452130406e+17
3.1900000000e+03,1.2470844298e+06,2.0190000000e-02,3.2422781506e+17
3.1950000000e+03,1.1799409028e+06,2.0080000000e-02,3.2296676886e+17
3.2000000000e+03,1.1118470958e+06,1.9940000000e-02,3.2121690994e+17
3.2050000000e+03,1.0476855066e+06,1.9860000000e-02,3.2042806388e+17
3.2100000000e+03,9.8722890623e+05,1.9760000000e-02,3.1931200023e+17
3.2150000000e+03,9.3026320567e+05,1.9620000000e-02,3.1754351508e+17
3.2200000000e+03,8.8360792957e+05,1.9540000000e-02,3.1674057349e+17
3.2250000000e+03,8.3929456846e+05,1.9420000000e-02,3.1528420357e+17
3.2300000000e+03,7.9720545989e+05,1.9380000000e-02,3.1512260843e+17
3.2350000000e+03,7.5722885871e+05,1.9260000000e-02,3.1365617027e+17
3.2400000000e+03,7.2055931948e+05,1.9210000000e-02,3.1332542881e+17
3.2450000000e+03,6.8597694474e+05,1.9100000000e-02,3.1201202780e+17
3.2500000000e+03,6.5305585979e+05,1.9090000000e-02,3.1232917714e+17
3.2550000000e+03,6.2171617969e+05,1.8900000000e-02,3.0969633418e+17
3.2600000000e+03,5.8728466696e+05,1.8800000000e-02,3.0853093619e+17
3.2650000000e+03,5.5188500685e+05,1.8700000000e-02,3.0736050409e+17
3.2700000000e+03,5.1862034241e+05,1.8600000000e-02,3.0618503787e+17
3.2750000000e+03,4.8736183276e+05,1.8480000000e-02,3.0467480290e+17
3.2800000000e+03,4.6003463135e+05,1.8370000000e-02,3.0332364601e+17
3.2850000000e+03,4.4205333968e+05,1.8320000000e-02,3.0295917597e+17
3.2900000000e+03,4.2477586363e+05,1.8260000000e-02,3.0242656644e+17
3.2950000000e+03,4.0817461349e+05,1.8030000000e-02,2.9907107604e+17
3.3000000000e+03,3.9222308281e+05,1.7920000000e-02,2.9769751734e+17
3.3050000000e+03,3.7348888549e+05,1.7860000000e-02,2.9715030887e+17
3.3100000000e+03,3.5565032494e+05,1.7700000000e-02,2.9493378734e+17
3.3150000000e+03,3.3866454175e+05,1.7600000000e-02,2.9371049702e+17
3.3200000000e+03,3.2249072958e+05,1.7300000000e-02,2.8913951917e+17
3.3250000000e+03,3.0684302466e+05,1.7280000000e-02,2.8924020150e+17
3.3300000000e+03,2.9179864889e+05,1.7130000000e-02,2.8716060795e+17
3.3350000000e+03,2.7749251773e+05,1.7030000000e-02,2.8591290216e+17
3.3400000000e+03,2.6388837224e+05,1.6850000000e-02,2.8331504630e+17
3.3450000000e+03,2.5095173604e+05,1.6780000000e-02,2.8256043223e+17
3.3500000000e+03,2.3786125291e+05,1.6600000000e-02,2.7994722232e+17
3.3550000000e+03,2.2545411547e+05,1.6500000000e-02,2.7867610789e+17
3.3600000000e+03,2.1369462431e+05,1.6360000000e-02,2.7672337407e+17
3.3650000000e+03,2.0254894653e+05,1.6290000000e-02,2.7594937865e+17
3.3700000000e+03,1.9261084576e+05,1.6180000000e-02,2.7449326043e+17
3.3750000000e+03,1.8355858867e+05,1.6110000000e-02,2.7371121042e+17
3.3800000000e+03,1.7493215032e+05,1.6010000000e-02,2.7241517711e+17
3.3850000000e+03,1.6671148107e+05,1.5980000000e-02,2.7230694361e+17
3.3900000000e+03,1.5887747626e+05,1.5900000000e-02,2.7134391711e+17
3.3950000000e+03,1.5202452672e+05,1.5800000000e-02,2.7003504680e+17
3.4000000000e+03,1.4546748473e+05,1.5640000000e-02,2.6769418260e+17
3.4050000000e+03,1.3919355866e+05,1.5650000000e-02,2.6825926218e+17
3.4100000000e+03,1.3319051048e+05,1.5540000000e-02,2.6676488468e+17
3.4150000000e+03,1.2741279091e+05,1.5470000000e-02,2.6595262997e+17
3.4200000000e+03,1.2183742307e+05,1.5430000000e-02,2.6565335174e+17
3.4250000000e+03,1.1650627289e+05,1.5320000000e-02,2.6414513042e+17
3.4300000000e+03,1.1140863135e+05,1.5220000000e-02,2.6280404176e+17
3.4350000000e+03,1.0653425954e+05,1.5150000000e-02,2.6197668470e+17
3.4400000000e+03,1.0188476693e+05,1.5050000000e-02,2.6062628293e+17
3.4450000000e+03,9.7441124297e+04,1.5020000000e-02,2.6048482426e+17
3.4500000000e+03,9.3191484769e+04,1.4920000000e-02,2.5912611620e+17
3.4550000000e+03,8.9127369346e+04,1.4880000000e-02,2.5880594638e+17
3.4600000000e+03,8.5240670034e+04,1.4800000000e-02,2.5778704119e+17
3.4650000000e+03,8.1639002313e+04,1.4760000000e-02,2.5746183726e+17
3.4700000000e+03,7.8189678401e+04,1.4660000000e-02,2.5608651661e+17
3.4750000000e+03,7.4886247122e+04,1.4560000000e-02,2.5470616185e+17
3.4800000000e+03,7.1722530810e+04,1.4480000000e-02,2.5367114749e+17
3.4850000000e+03,6.8739359188e+04,1.4450000000e-02,2.5350930064e+17
3.4900000000e+03,6.6059913133e+04,1.4360000000e-02,2.5229179955e+17
3.4950000000e+03,6.3485041639e+04,1.4320000000e-02,2.5194947962e+17
3.5000000000e+03,6.1010657894e+04,1.4230000000e-02,2.5072417565e+17
3.5050000000e+03,5.8632835029e+04,1.4150000000e-02,2.4967078675e+17
3.5100000000e+03,5.6376166897e+04,1.4050000000e-02,2.4825997559e+17
3.5150000000e+03,5.4315702324e+04,1.4020000000e-02,2.4808277468e+17
3.5200000000e+03,5.2330650536e+04,1.3930000000e-02,2.4684085813e+17
3.5250000000e+03,5.0418247281e+04,1.3890000000e-02,2.4648167391e+17
3.5300000000e+03,4.8575829792e+04,1.3800000000e-02,2.4523195447e+17
3.5350000000e+03,4.6836600630e+04,1.3760000000e-02,2.4486748443e+17
3.5400000000e+03,4.5297945688e+04,1.3670000000e-02,2.4360996211e+17
3.5450000000e+03,4.3809925345e+04,1.3660000000e-02,2.4377558455e+17
3.5500000000e+03,4.2370870196e+04,1.3570000000e-02,2.4251101447e+17
3.5550000000e+03,4.0979165986e+04,1.3450000000e-02,2.4070502515e+17
3.5600000000e+03,3.9687307125e+04,1.3360000000e-02,2.3943063854e+17
3.5650000000e+03,3.8646370072e+04,1.3360000000e-02,2.3976691753e+17
3.5700000000e+03,3.7632809223e+04,1.3250000000e-02,2.3812629894e+17
3.5750000000e+03,3.6645902460e+04,1.3180000000e-02,2.3720002149e+17
3.5800000000e+03,3.5684946771e+04,1.3080000000e-02,2.3572955604e+17
3.5850000000e+03,3.4749257749e+04,1.3050000000e-02,2.3551736803e+17
3.5900000000e+03,3.3838169094e+04,1.2980000000e-02,2.3458077064e+17
3.5950000000e+03,3.2951032133e+04,1.2940000000e-02,2.3418357884e+17
3.6000000000e+03,3.2087215356e+04,1.2850000000e-02,2.3287823241e+17
3.6050000000e+03,3.1246103953e+04,1.2830000000e-02,2.3283871460e+17
3.6100000000e+03,3.0427099376e+04,1.2740000000e-02,2.3152606870e+17
3.6150000000e+03,2.9629618907e+04,1.2720000000e-02,2.3148277530e+17
3.6200000000e+03,2.8853095237e+04,1.2640000000e-02,2.3034506496e+17
3.6250000000e+03,2.8186658178e+04,1.2610000000e-02,2.3011576095e+17
3.6300000000e+03,2.7888915362e+04,1.2510000000e-02,2.2860577768e+17
3.6350000000e+03,2.7594370032e+04,1.2490000000e-02,2.2855468140e+17
3.6400000000e+03,2.7302987165e+04,1.2400000000e-02,2.2721988539e+17
3.6450000000e+03,2.7014732129e+04,1.2360000000e-02,2.2679802642e+17
3.6500000000e+03,2.6729570681e+04,1.2280000000e-02,2.2563917279e+17
3.6550000000e+03,2.6447468963e+04,1.2220000000e-02,2.2484428578e+17
3.6600000000e+03,2.6168393495e+04,1.2150000000e-02,2.2386212964e+17
3.6650000000e+03,2.5892311173e+04,1.2150000000e-02,2.2416795222e+17
3.6700000000e+03,2.5619189262e+04,1.2040000000e-02,2.2244150195e+17
3.6750000000e+03,2.5348995396e+04,1.2030000000e-02,2.2255955198e+17
3.6800000000e+03,2.5081697569e+04,1.1890000000e-02,2.2026877724e+17
3.6850000000e+03,2.4817264134e+04,1.1830000000e-02,2.1945501229e+17
3.6900000000e+03,2.4555663799e+04,1.1770000000e-02,2.1863822688e+17
3.6950000000e+03,2.4296865619e+04,1.1720000000e-02,2.1800443160e+17
3.7000000000e+03,2.4040838999e+04,1.1550000000e-02,2.1513297151e+17
3.7050000000e+03,2.3787553681e+04,1.1600000000e-02,2.1635626184e+17
3.7100000000e+03,2.3536979750e+04,1.1510000000e-02,2.1496734908e+17
3.7150000000e+03,2.3289087621e+04,1.1500000000e-02,2.1507004506e+17
3.7200000000e+03,2.3043848041e+04,1.1440000000e-02,2.1423589194e+17
3.7250000000e+03,2.2801232083e+04,1.1430000000e-02,2.1433632257e+17
3.7300000000e+03,2.2561211144e+04,1.1340000000e-02,2.1293406940e+17
3.7350000000e+03,2.2515513729e+04,1.1280000000e-02,2.1209135828e+17
3.7400000000e+03,2.2598440660e+04,1.1080000000e-02,2.0860976327e+17
3.7450000000e+03,2.2681713558e+04,1.1080000000e-02,2.0888865332e+17
3.7500000000e+03,2.2765333888e+04,1.1040000000e-02,2.0841242590e+17
3.7550000000e+03,2.2849303120e+04,1.1000000000e-02,2.0793418482e+17
3.7600000000e+03,2.2933622734e+04,1.0940000000e-02,2.0707536454e+17
3.7650000000e+03,2.3018294211e+04,1.0930000000e-02,2.0716119622e+17
3.7700000000e+03,2.3103319044e+04,1.0860000000e-02,2.0610780733e+17
3.7750000000e+03,2.3188698728e+04,1.0800000000e-02,2.0524093246e+17
3.7800000000e+03,2.3431297524e+04,1.0740000000e-02,2.0437103712e+17
3.7850000000e+03,2.3676475801e+04,1.0730000000e-02,2.0445082786e+17
3.7900000000e+03,2.3924261300e+04,1.0630000000e-02,2.0281297804e+17
3.7950000000e+03,2.4174682067e+04,1.0620000000e-02,2.0288949661e+17
3.8000000000e+03,2.4427766449e+04,1.0530000000e-02,2.0143514033e+17
3.8050000000e+03,2.4683543102e+04,1.0530000000e-02,2.0170018657e+17
3.8100000000e+03,2.4942040994e+04,1.0430000000e-02,2.0004723440e+17
3.8150000000e+03,2.5203289405e+04,1.0410000000e-02,1.9992566048e+17
3.8200000000e+03,2.5467317935e+04,1.0340000000e-02,1.9884156348e+17
3.8250000000e+03,2.5734156504e+04,1.0330000000e-02,1.9890927235e+17
3.8300000000e+03,2.6003835358e+04,1.0250000000e-02,1.9762683115e+17
3.8350000000e+03,2.6276385070e+04,1.0210000000e-02,1.9711259614e+17
3.8400000000e+03,2.6551836547e+04,1.0150000000e-02,1.9620972734e+17
3.8450000000e+03,2.6830221029e+04,1.0130000000e-02,1.9607808519e+17
3.8500000000e+03,2.7119926702e+04,1.0050000000e-02,1.9478255529e+17
3.8550000000e+03,2.7418439457e+04,1.0030000000e-02,1.9464738926e+17
3.8600000000e+03,2.7720284614e+04,9.9400000000e-03,1.9315099811e+17
3.8650000000e+03,2.8025499760e+04,9.9100000000e-03,1.9281748789e+17
3.8700000000e+03,2.8334122907e+04,9.8300000000e-03,1.9150836587e+17
3.8750000000e+03,2.8646192499e+04,9.8300000000e-03,1.9175579270e+17
3.8800000000e+03,2.8961747418e+04,9.7500000000e-03,1.9044062975e+17
3.8850000000e+03,2.9280826988e+04,9.7000000000e-03,1.8970816579e+17
3.8900000000e+03,2.9603470980e+04,9.7100000000e-03,1.9014814758e+17
3.8950000000e+03,2.9929719618e+04,9.6200000000e-03,1.8862784437e+17
3.9000000000e+03,3.0259613582e+04,9.6000000000e-03,1.8847732429e+17
3.9050000000e+03,3.0593194017e+04,9.5900000000e-03,1.8852237963e+17
3.9100000000e+03,3.0930502535e+04,9.5200000000e-03,1.8738592782e+17
3.9150000000e+03,3.1271581221e+04,9.5000000000e-03,1.8723138044e+17
3.9200000000e+03,3.1616472639e+04,9.4100000000e-03,1.8569446465e+17
3.9250000000e+03,3.1965219838e+04,9.4000000000e-03,1.8573373076e+17
3.9300000000e+03,3.2317866357e+04,9.3200000000e-03,1.8438760799e+17
3.9350000000e+03,3.2674456230e+04,9.3000000000e-03,1.8422601285e+17
3.9400000000e+03,3.3035033992e+04,9.2300000000e-03,1.8307168992e+17
3.9450000000e+03,3.3399644684e+04,9.2000000000e-03,1.8270822670e+17
3.9500000000e+03,3.3768333863e+04,9.1100000000e-03,1.8115016762e+17
3.9550000000e+03,3.4141147602e+04,9.0800000000e-03,1.8078217370e+17
3.9600000000e+03,3.4518132498e+04,9.0200000000e-03,1.7981461650e+17
3.9650000000e+03,3.4899335680e+04,9.0100000000e-03,1.7984205243e+17
3.9700000000e+03,3.5274333819e+04,8.9300000000e-03,1.7847000396e+17
3.9750000000e+03,3.5611115220e+04,8.9100000000e-03,1.7829456500e+17
3.9800000000e+03,3.5951168921e+04,8.8400000000e-03,1.7711633002e+17
3.9850000000e+03,3.6294527107e+04,8.8000000000e-03,1.7653639979e+17
3.9900000000e+03,3.6641222281e+04,8.7800000000e-03,1.7635617842e+17
3.9950000000e+03,3.6991287270e+04,8.7000000000e-03,1.7496827248e+17
4.0000000000e+03,3.7344755228e+04,8.6800000000e-03,1.7478452723e+17
